,date,open,high,low,close
0,2024-07-16T22:22:40.000000Z,64411.46,64494.0,64384.61,64469.33
1,2024-07-16T22:23:40.000000Z,64469.33,64502.27,64347.64,64347.64
2,2024-07-16T22:24:40.000000Z,64347.64,64351.99,64290.0,64332.48
3,2024-07-16T22:25:40.000000Z,64332.48,64354.65,64234.6,64302.0
4,2024-07-16T22:26:40.000000Z,64302.0,64385.26,64291.05,64385.26
5,2024-07-16T22:27:40.000000Z,64385.26,64472.0,64385.26,64472.0
6,2024-07-16T22:28:40.000000Z,64472.0,64560.0,64471.66,64552.99
7,2024-07-16T22:29:40.000000Z,64552.99,64600.0,64478.56,64478.56
8,2024-07-16T22:30:40.000000Z,64478.56,64536.08,64478.56,64499.99
9,2024-07-16T22:31:40.000000Z,64499.99,64499.99,64357.99,64424.0
10,2024-07-16T22:32:40.000000Z,64424.0,64505.0,64393.29,64504.0
11,2024-07-16T22:33:40.000000Z,64504.0,64536.65,64460.97,64536.65
12,2024-07-16T22:34:40.000000Z,64536.65,64536.65,64403.92,64471.99
13,2024-07-16T22:35:40.000000Z,64471.99,64509.56,64441.21,64441.22
14,2024-07-16T22:36:40.000000Z,64441.22,64441.22,64352.54,64378.0
15,2024-07-16T22:37:40.000000Z,64378.0,64524.1,64378.0,64524.1
16,2024-07-16T22:38:40.000000Z,64524.1,64524.1,64480.0,64480.0
17,2024-07-16T22:39:40.000000Z,64480.0,64495.32,64453.0,64489.49
18,2024-07-16T22:40:40.000000Z,64489.49,64508.0,64452.0,64505.99
19,2024-07-16T22:41:40.000000Z,64505.99,64600.0,64505.99,64594.66
20,2024-07-16T22:42:40.000000Z,64594.66,64770.96,64590.01,64660.0
21,2024-07-16T22:43:40.000000Z,64660.0,64743.59,64650.0,64667.07
22,2024-07-16T22:44:40.000000Z,64667.07,64667.07,64580.0,64580.0
23,2024-07-16T22:45:40.000000Z,64580.0,64641.7,64560.0,64623.22
24,2024-07-16T22:46:40.000000Z,64623.22,64623.22,64514.0,64615.99
25,2024-07-16T22:47:40.000000Z,64615.99,64705.0,64615.99,64704.96
26,2024-07-16T22:48:40.000000Z,64704.96,64704.96,64640.5,64640.51
27,2024-07-16T22:49:40.000000Z,64640.51,64701.13,64640.51,64665.99
28,2024-07-16T22:50:40.000000Z,64665.99,64665.99,64582.0,64646.02
29,2024-07-16T22:51:40.000000Z,64646.02,64655.0,64632.42,64646.96
30,2024-07-16T22:52:40.000000Z,64646.96,64884.0,64646.96,64852.11
31,2024-07-16T22:53:40.000000Z,64852.11,64860.0,64803.52,64847.99
32,2024-07-16T22:54:40.000000Z,64847.99,64900.0,64847.99,64900.0
33,2024-07-16T22:55:40.000000Z,64900.0,64910.38,64838.54,64903.97
34,2024-07-16T22:56:47.000000Z,64903.97,64934.0,64899.55,64929.99
35,2024-07-16T22:57:41.000000Z,64929.99,64960.86,64917.0,64928.12
36,2024-07-16T22:58:41.000000Z,64928.12,64945.63,64912.01,64915.99
37,2024-07-16T22:59:41.000000Z,64915.99,64925.99,64871.72,64884.93
38,2024-07-16T23:00:41.000000Z,64884.93,64917.44,64867.66,64917.44
39,2024-07-16T23:01:41.000000Z,64917.44,64960.0,64891.82,64946.02
40,2024-07-16T23:02:41.000000Z,64946.02,64946.02,64889.0,64907.75
41,2024-07-16T23:03:40.000000Z,64907.75,65000.0,64907.75,65000.0
42,2024-07-16T23:04:40.000000Z,65000.0,65088.0,65000.0,65082.0
43,2024-07-16T23:05:40.000000Z,65082.0,65178.11,65077.0,65115.01
44,2024-07-16T23:06:40.000000Z,65115.01,65200.0,65092.23,65092.23
45,2024-07-16T23:07:40.000000Z,65092.23,65092.23,64757.25,64815.71
46,2024-07-16T23:08:40.000000Z,64815.71,64815.71,64646.27,64700.0
47,2024-07-16T23:09:40.000000Z,64700.0,64713.9,64600.0,64603.4
48,2024-07-16T23:10:40.000000Z,64603.4,64735.0,64578.0,64711.9
49,2024-07-16T23:11:40.000000Z,64711.9,64762.0,64679.44,64712.01
50,2024-07-16T23:12:40.000000Z,64712.01,64717.9,64550.45,64563.38
51,2024-07-16T23:13:40.000000Z,64563.38,64644.01,64549.91,64596.59
52,2024-07-16T23:14:40.000000Z,64596.59,64737.02,64448.88,64737.02
53,2024-07-16T23:15:40.000000Z,64737.02,64748.0,64712.92,64716.24
54,2024-07-16T23:16:40.000000Z,64716.24,64716.24,64431.99,64474.0
55,2024-07-16T23:17:40.000000Z,64474.0,64494.08,64279.79,64400.0
56,2024-07-16T23:18:40.000000Z,64400.0,64500.49,64399.99,64500.49
57,2024-07-16T23:19:40.000000Z,64500.49,64557.01,64484.06,64519.98
58,2024-07-16T23:20:40.000000Z,64519.98,64519.98,64438.65,64442.01
59,2024-07-16T23:21:40.000000Z,64442.01,64486.71,64434.33,64466.01
60,2024-07-16T23:22:40.000000Z,64466.01,64470.0,64438.0,64440.0
61,2024-07-16T23:23:40.000000Z,64440.0,64468.0,64439.99,64459.87
62,2024-07-16T23:24:40.000000Z,64459.87,64580.0,64455.24,64526.0
63,2024-07-16T23:25:40.000000Z,64526.0,64533.82,64480.65,64528.01
64,2024-07-16T23:26:41.000000Z,64528.01,64570.37,64517.52,64536.0
65,2024-07-16T23:27:40.000000Z,64536.0,64544.0,64455.25,64464.8
66,2024-07-16T23:28:40.000000Z,64464.8,64510.02,64445.29,64460.0
67,2024-07-16T23:29:40.000000Z,64460.0,64464.8,64440.0,64445.12
68,2024-07-16T23:30:40.000000Z,64445.12,64464.8,64410.02,64410.02
69,2024-07-16T23:31:40.000000Z,64410.02,64410.02,64273.79,64322.01
70,2024-07-16T23:32:40.000000Z,64322.01,64387.68,64311.99,64323.99
71,2024-07-16T23:33:40.000000Z,64323.99,64373.18,64300.0,64373.18
72,2024-07-16T23:34:40.000000Z,64373.18,64399.0,64330.0,64359.99
73,2024-07-16T23:35:40.000000Z,64359.99,64388.0,64331.58,64332.46
74,2024-07-16T23:36:40.000000Z,64332.46,64363.71,64332.46,64354.0
75,2024-07-16T23:37:40.000000Z,64354.0,64421.99,64338.07,64421.98
76,2024-07-16T23:38:40.000000Z,64421.98,64423.08,64362.13,64405.23
77,2024-07-16T23:39:40.000000Z,64405.23,64481.44,64405.23,64481.44
78,2024-07-16T23:40:40.000000Z,64481.44,64584.41,64481.44,64576.0
79,2024-07-16T23:41:40.000000Z,64576.0,64609.39,64547.08,64547.08
80,2024-07-16T23:42:40.000000Z,64547.08,64604.9,64547.08,64586.38
81,2024-07-16T23:43:40.000000Z,64586.38,64592.0,64456.52,64482.0
82,2024-07-16T23:44:40.000000Z,64482.0,64499.99,64284.0,64284.0
83,2024-07-16T23:45:40.000000Z,64284.0,64331.23,64207.96,64231.99
84,2024-07-16T23:46:40.000000Z,64231.99,64360.19,64231.99,64351.3
85,2024-07-16T23:47:40.000000Z,64351.3,64368.0,64290.01,64353.44
86,2024-07-16T23:48:40.000000Z,64353.44,64353.44,64260.83,64346.77
87,2024-07-16T23:49:40.000000Z,64346.77,64356.0,64286.78,64302.9
88,2024-07-16T23:50:40.000000Z,64302.9,64369.49,64302.9,64365.99
89,2024-07-16T23:51:40.000000Z,64365.99,64467.75,64365.99,64429.08
90,2024-07-16T23:52:40.000000Z,64429.08,64470.0,64391.0,64469.99
91,2024-07-16T23:53:40.000000Z,64469.99,64475.99,64388.01,64426.79
92,2024-07-16T23:54:40.000000Z,64426.79,64471.22,64396.0,64396.0
93,2024-07-16T23:55:40.000000Z,64396.0,64402.44,64354.42,64354.42
94,2024-07-16T23:57:40.000000Z,64366.37,64372.0,64335.6,64372.0
95,2024-07-16T23:58:40.000000Z,64372.0,64430.8,64371.99,64426.0
96,2024-07-16T23:59:40.000000Z,64426.0,64489.99,64408.0,64489.99
97,2024-07-17T00:00:40.000000Z,64489.99,64500.0,64457.73,64457.73
98,2024-07-17T00:01:40.000000Z,64457.73,64480.32,64402.83,64480.32
99,2024-07-17T00:02:40.000000Z,64480.32,64480.32,64370.21,64404.68
100,2024-07-17T00:03:40.000000Z,64404.68,64447.32,64404.68,64409.99
101,2024-07-17T00:04:40.000000Z,64409.99,64422.0,64352.15,64360.01
102,2024-07-17T00:05:40.000000Z,64360.01,64383.58,64282.0,64282.0
103,2024-07-17T00:06:40.000000Z,64282.0,64282.0,64233.0,64247.99
104,2024-07-17T00:07:40.000000Z,64247.99,64247.99,64111.56,64169.89
105,2024-07-17T00:08:40.000000Z,64169.89,64260.93,64169.88,64242.0
106,2024-07-17T00:09:40.000000Z,64242.0,64314.31,64242.0,64302.28
107,2024-07-17T00:10:40.000000Z,64302.28,64334.96,64214.89,64214.89
108,2024-07-17T00:11:40.000000Z,64214.89,64262.0,64180.0,64206.58
109,2024-07-17T00:12:40.000000Z,64206.58,64233.65,64202.0,64204.0
110,2024-07-17T00:13:40.000000Z,64204.0,64250.0,64203.99,64240.01
111,2024-07-17T00:14:40.000000Z,64240.01,64269.58,64200.0,64234.0
112,2024-07-17T00:15:40.000000Z,64234.0,64265.88,64229.53,64245.99
113,2024-07-17T00:16:40.000000Z,64245.99,64246.0,64155.84,64215.99
114,2024-07-17T00:17:41.000000Z,64215.99,64307.0,64215.99,64307.0
115,2024-07-17T00:18:41.000000Z,64307.0,64343.62,64302.0,64307.83
116,2024-07-17T00:19:41.000000Z,64307.83,64356.0,64307.83,64341.52
117,2024-07-17T00:20:40.000000Z,64341.52,64382.01,64341.52,64353.1
118,2024-07-17T00:21:40.000000Z,64353.1,64367.08,64283.39,64283.39
119,2024-07-17T00:22:40.000000Z,64283.39,64336.0,64280.71,64328.38
120,2024-07-17T00:23:40.000000Z,64328.38,64341.21,64304.0,64328.75
121,2024-07-17T00:24:40.000000Z,64328.75,64342.04,64313.99,64327.56
122,2024-07-17T00:25:40.000000Z,64327.56,64345.79,64312.04,64345.79
123,2024-07-17T00:26:40.000000Z,64345.79,64410.0,64345.79,64409.98
124,2024-07-17T00:27:40.000000Z,64409.98,64412.0,64375.08,64412.0
125,2024-07-17T00:28:40.000000Z,64412.0,64412.0,64387.56,64395.99
126,2024-07-17T00:29:40.000000Z,64395.99,64417.99,64364.0,64364.01
127,2024-07-17T00:30:40.000000Z,64364.01,64382.0,64329.61,64329.61
128,2024-07-17T00:31:40.000000Z,64329.61,64329.61,64280.71,64280.71
129,2024-07-17T00:32:40.000000Z,64280.71,64285.39,64239.48,64285.39
130,2024-07-17T00:33:40.000000Z,64285.39,64356.0,64285.39,64315.43
131,2024-07-17T00:34:40.000000Z,64315.43,64359.37,64302.0,64351.99
132,2024-07-17T00:35:40.000000Z,64351.99,64374.46,64336.89,64354.0
133,2024-07-17T00:36:40.000000Z,64354.0,64392.0,64263.55,64316.27
134,2024-07-17T00:37:40.000000Z,64316.27,64342.04,64294.0,64339.99
135,2024-07-17T00:38:40.000000Z,64339.99,64359.55,64327.99,64339.99
136,2024-07-17T00:39:40.000000Z,64339.99,64376.0,64339.99,64361.5
137,2024-07-17T00:40:40.000000Z,64361.5,64430.0,64361.5,64428.0
138,2024-07-17T00:41:40.000000Z,64428.0,64471.98,64428.0,64471.98
139,2024-07-17T00:42:40.000000Z,64471.98,64518.49,64448.0,64518.49
140,2024-07-17T00:43:40.000000Z,64518.49,64553.83,64518.49,64527.42
141,2024-07-17T00:44:40.000000Z,64527.42,64550.0,64522.0,64533.29
142,2024-07-17T00:45:40.000000Z,64533.29,64557.5,64490.72,64490.72
143,2024-07-17T00:46:40.000000Z,64490.72,64490.72,64410.96,64430.01
144,2024-07-17T00:47:40.000000Z,64430.01,64556.36,64430.0,64556.36
145,2024-07-17T00:48:40.000000Z,64556.36,64591.14,64546.14,64591.14
146,2024-07-17T00:49:40.000000Z,64591.14,64642.79,64588.0,64600.0
147,2024-07-17T00:50:40.000000Z,64600.0,64600.0,64501.27,64570.09
148,2024-07-17T00:51:40.000000Z,64570.09,64576.77,64528.0,64528.0
149,2024-07-17T00:52:40.000000Z,64528.0,64528.01,64454.93,64461.49
150,2024-07-17T00:53:40.000000Z,64461.49,64585.0,64446.96,64574.9
151,2024-07-17T00:54:40.000000Z,64574.9,64578.34,64556.0,64560.53
152,2024-07-17T00:55:40.000000Z,64560.53,64585.0,64512.38,64512.39
153,2024-07-17T00:56:40.000000Z,64512.39,64548.93,64505.93,64529.16
154,2024-07-17T00:57:40.000000Z,64529.16,64530.0,64500.14,64500.14
155,2024-07-17T00:58:40.000000Z,64500.14,64521.97,64490.0,64512.0
156,2024-07-17T00:59:40.000000Z,64512.0,64549.12,64507.44,64536.21
157,2024-07-17T01:00:40.000000Z,64536.21,64571.06,64536.2,64551.02
158,2024-07-17T01:01:40.000000Z,64551.02,64551.02,64513.01,64534.0
159,2024-07-17T01:02:40.000000Z,64534.0,64534.0,64428.75,64428.75
160,2024-07-17T01:03:40.000000Z,64428.75,64479.77,64428.75,64452.73
161,2024-07-17T01:04:40.000000Z,64452.73,64474.0,64405.1,64452.72
162,2024-07-17T01:05:40.000000Z,64452.72,64517.0,64438.2,64513.44
163,2024-07-17T01:06:40.000000Z,64513.44,64569.48,64513.43,64548.01
164,2024-07-17T01:07:40.000000Z,64548.01,64585.0,64529.45,64585.0
165,2024-07-17T01:08:40.000000Z,64585.0,64610.36,64583.21,64587.12
166,2024-07-17T01:09:40.000000Z,64587.12,64627.73,64587.12,64617.64
167,2024-07-17T01:10:40.000000Z,64617.64,64645.0,64609.75,64619.99
168,2024-07-17T01:11:40.000000Z,64619.99,64627.99,64600.0,64614.01
169,2024-07-17T01:12:40.000000Z,64614.01,64675.94,64614.0,64649.66
170,2024-07-17T01:13:40.000000Z,64649.66,64657.99,64601.62,64609.77
171,2024-07-17T01:14:40.000000Z,64609.77,64630.0,64558.74,64606.02
172,2024-07-17T01:15:41.000000Z,64606.02,64618.0,64506.98,64530.54
173,2024-07-17T01:16:41.000000Z,64530.54,64560.0,64510.01,64532.26
174,2024-07-17T01:17:41.000000Z,64532.26,64564.46,64532.26,64536.01
175,2024-07-17T01:18:41.000000Z,64536.01,64606.63,64536.0,64606.63
176,2024-07-17T01:19:41.000000Z,64606.63,64644.99,64606.63,64640.0
177,2024-07-17T01:20:40.000000Z,64640.0,64668.0,64626.99,64651.99
178,2024-07-17T01:21:40.000000Z,64651.99,64732.37,64651.99,64722.0
179,2024-07-17T01:22:40.000000Z,64722.0,64734.0,64716.49,64730.0
180,2024-07-17T01:24:40.000000Z,64720.0,64735.0,64712.13,64734.22
181,2024-07-17T01:25:40.000000Z,64734.22,64745.99,64720.0,64727.34
182,2024-07-17T01:26:40.000000Z,64727.34,64800.0,64722.25,64799.99
183,2024-07-17T01:27:40.000000Z,64799.99,64893.7,64791.01,64791.01
184,2024-07-17T01:28:40.000000Z,64791.01,64804.96,64723.02,64723.02
185,2024-07-17T01:29:40.000000Z,64723.02,64724.0,64670.0,64705.0
186,2024-07-17T01:30:40.000000Z,64705.0,64705.0,64634.04,64693.38
187,2024-07-17T01:31:40.000000Z,64693.38,64720.3,64693.38,64699.03
188,2024-07-17T01:32:40.000000Z,64699.03,64717.99,64687.06,64706.0
189,2024-07-17T01:33:40.000000Z,64706.0,64730.93,64689.49,64730.92
190,2024-07-17T01:34:40.000000Z,64730.92,64758.0,64730.92,64757.99
191,2024-07-17T01:35:40.000000Z,64757.99,64795.0,64746.99,64795.0
192,2024-07-17T01:36:40.000000Z,64795.0,64804.77,64757.92,64757.92
193,2024-07-17T01:37:40.000000Z,64757.92,64757.93,64641.62,64668.26
194,2024-07-17T01:38:40.000000Z,64668.26,64668.27,64622.0,64622.01
195,2024-07-17T01:39:40.000000Z,64622.01,64664.0,64616.0,64663.99
196,2024-07-17T01:40:40.000000Z,64663.99,64733.99,64663.99,64703.85
197,2024-07-17T01:41:40.000000Z,64703.85,64703.85,64630.0,64635.99
198,2024-07-17T01:42:40.000000Z,64635.99,64646.0,64611.8,64612.0
199,2024-07-17T01:43:40.000000Z,64612.0,64621.76,64585.97,64589.31
200,2024-07-17T01:44:40.000000Z,64589.31,64638.99,64574.81,64626.0
201,2024-07-17T01:45:40.000000Z,64626.0,64635.0,64562.28,64562.85
202,2024-07-17T01:46:40.000000Z,64562.85,64564.0,64532.26,64539.0
203,2024-07-17T01:47:40.000000Z,64539.0,64549.19,64524.0,64526.89
204,2024-07-17T01:48:40.000000Z,64526.89,64568.04,64526.89,64542.0
205,2024-07-17T01:49:40.000000Z,64542.0,64543.89,64478.09,64502.99
206,2024-07-17T01:50:40.000000Z,64502.99,64534.0,64492.67,64533.99
207,2024-07-17T01:51:40.000000Z,64533.99,64550.0,64527.0,64528.0
208,2024-07-17T01:52:40.000000Z,64528.0,64590.92,64528.0,64590.91
209,2024-07-17T01:53:40.000000Z,64590.91,64590.92,64538.0,64590.91
210,2024-07-17T01:54:40.000000Z,64590.91,64638.33,64590.91,64638.33
211,2024-07-17T01:55:40.000000Z,64638.33,64692.11,64638.33,64680.0
212,2024-07-17T01:56:40.000000Z,64680.0,64711.0,64641.0,64711.0
213,2024-07-17T01:57:40.000000Z,64711.0,64711.0,64677.78,64702.45
214,2024-07-17T01:58:40.000000Z,64702.45,64718.39,64702.45,64718.38
215,2024-07-17T01:59:40.000000Z,64718.38,64740.0,64715.76,64740.0
216,2024-07-17T02:00:40.000000Z,64740.0,64817.2,64739.99,64777.43
217,2024-07-17T02:01:40.000000Z,64777.43,64777.43,64747.44,64747.44
218,2024-07-17T02:02:40.000000Z,64747.44,64752.97,64712.39,64739.61
219,2024-07-17T02:03:40.000000Z,64739.61,64764.29,64739.6,64763.49
220,2024-07-17T02:04:40.000000Z,64763.49,64816.0,64713.85,64805.98
221,2024-07-17T02:05:40.000000Z,64805.98,64811.19,64794.34,64802.95
222,2024-07-17T02:06:40.000000Z,64802.95,64802.95,64716.31,64758.54
223,2024-07-17T02:07:40.000000Z,64758.54,64820.5,64758.54,64811.58
224,2024-07-17T02:08:40.000000Z,64811.58,64877.68,64811.58,64877.68
225,2024-07-17T02:09:40.000000Z,64877.68,64900.0,64839.69,64841.05
226,2024-07-17T02:10:40.000000Z,64841.05,64849.48,64758.14,64758.14
227,2024-07-17T02:11:40.000000Z,64758.14,64852.88,64758.14,64848.49
228,2024-07-17T02:12:40.000000Z,64848.49,64867.77,64830.0,64831.0
229,2024-07-17T02:13:40.000000Z,64831.0,64873.0,64831.0,64868.96
230,2024-07-17T02:14:40.000000Z,64868.96,64955.46,64868.96,64918.02
231,2024-07-17T02:15:40.000000Z,64918.02,64932.65,64880.0,64895.99
232,2024-07-17T02:16:40.000000Z,64895.99,64980.0,64895.99,64936.67
233,2024-07-17T02:17:40.000000Z,64936.67,64979.99,64924.65,64973.61
234,2024-07-17T02:18:40.000000Z,64973.61,64973.62,64911.67,64918.97
235,2024-07-17T02:19:40.000000Z,64918.97,64918.97,64812.24,64855.01
236,2024-07-17T02:20:40.000000Z,64855.01,64878.88,64823.06,64847.34
237,2024-07-17T02:21:40.000000Z,64847.34,64868.37,64820.42,64868.36
238,2024-07-17T02:22:40.000000Z,64868.36,64924.9,64868.36,64924.9
239,2024-07-17T02:23:40.000000Z,64924.9,64958.76,64924.89,64958.76
240,2024-07-17T02:24:40.000000Z,64958.76,64971.05,64947.66,64959.04
241,2024-07-17T02:25:40.000000Z,64959.04,64959.05,64904.35,64904.35
242,2024-07-17T02:26:41.000000Z,64904.35,64941.13,64894.84,64922.5
243,2024-07-17T02:27:41.000000Z,64922.5,64971.33,64915.76,64971.32
244,2024-07-17T02:28:41.000000Z,64971.32,65022.91,64961.0,65013.6
245,2024-07-17T02:29:40.000000Z,65013.6,65100.0,65013.6,65087.09
246,2024-07-17T02:30:40.000000Z,65087.09,65114.65,65087.09,65096.65
247,2024-07-17T02:31:40.000000Z,65096.65,65166.81,65096.65,65133.61
248,2024-07-17T02:33:40.000000Z,65088.67,65091.28,64989.42,65051.8
249,2024-07-17T02:34:40.000000Z,65051.8,65144.29,65036.98,65134.64
250,2024-07-17T02:35:40.000000Z,65134.64,65141.34,65094.93,65115.33
251,2024-07-17T02:36:40.000000Z,65115.33,65127.63,64981.69,64984.28
252,2024-07-17T02:37:40.000000Z,64984.28,64984.28,64902.21,64944.71
253,2024-07-17T02:38:40.000000Z,64944.71,64944.71,64870.0,64927.45
254,2024-07-17T02:39:40.000000Z,64927.45,65010.87,64927.45,64990.0
255,2024-07-17T02:40:40.000000Z,64990.0,65012.15,64971.04,64982.61
256,2024-07-17T02:41:40.000000Z,64982.61,64985.0,64921.53,64923.3
257,2024-07-17T02:42:40.000000Z,64923.3,64945.0,64894.59,64910.0
258,2024-07-17T02:43:40.000000Z,64910.0,64910.0,64853.08,64869.7
259,2024-07-17T02:44:40.000000Z,64869.7,64898.11,64833.34,64833.34
260,2024-07-17T02:45:40.000000Z,64833.34,64839.69,64780.41,64795.37
261,2024-07-17T02:46:40.000000Z,64795.37,64795.37,64635.92,64635.92
262,2024-07-17T02:47:40.000000Z,64635.92,64684.79,64604.52,64684.79
263,2024-07-17T02:48:40.000000Z,64684.79,64706.63,64642.46,64706.63
264,2024-07-17T02:49:40.000000Z,64706.63,64710.49,64690.01,64706.66
265,2024-07-17T02:50:40.000000Z,64706.66,64787.22,64706.66,64787.22
266,2024-07-17T02:51:40.000000Z,64787.22,64853.19,64787.22,64853.18
267,2024-07-17T02:52:40.000000Z,64853.18,64956.95,64850.28,64956.94
268,2024-07-17T02:53:40.000000Z,64956.94,64960.01,64924.55,64947.74
269,2024-07-17T02:54:40.000000Z,64947.74,64947.74,64884.14,64892.51
270,2024-07-17T02:55:40.000000Z,64892.51,64955.0,64892.13,64955.0
271,2024-07-17T02:56:40.000000Z,64955.0,64980.18,64934.43,64934.43
272,2024-07-17T02:57:40.000000Z,64934.43,64955.0,64896.82,64955.0
273,2024-07-17T02:58:40.000000Z,64955.0,65020.34,64955.0,65020.34
274,2024-07-17T02:59:40.000000Z,65020.34,65178.83,65020.34,65164.74
275,2024-07-17T03:00:40.000000Z,65164.74,65168.74,65079.09,65110.12
276,2024-07-17T03:01:40.000000Z,65110.12,65110.12,65013.99,65013.99
277,2024-07-17T03:02:40.000000Z,65013.99,65049.01,65003.06,65049.01
278,2024-07-17T03:03:40.000000Z,65049.01,65125.07,65049.01,65088.46
279,2024-07-17T03:04:40.000000Z,65088.46,65138.96,65085.57,65101.5
280,2024-07-17T03:05:40.000000Z,65101.5,65169.86,65091.61,65134.99
281,2024-07-17T03:06:40.000000Z,65134.99,65164.05,65091.62,65135.27
282,2024-07-17T03:07:40.000000Z,65135.27,65164.04,65114.06,65122.77
283,2024-07-17T03:08:40.000000Z,65122.77,65131.07,65100.42,65131.07
284,2024-07-17T03:09:40.000000Z,65131.07,65182.99,65131.07,65160.59
285,2024-07-17T03:10:41.000000Z,65160.59,65180.78,65107.11,65180.78
286,2024-07-17T03:11:41.000000Z,65180.78,65180.79,65159.25,65179.44
287,2024-07-17T03:12:41.000000Z,65179.44,65179.44,65156.83,65156.83
288,2024-07-17T03:13:41.000000Z,65156.83,65156.84,65050.62,65062.44
289,2024-07-17T03:14:41.000000Z,65062.44,65062.44,64970.0,65002.5
290,2024-07-17T03:15:40.000000Z,65002.5,65056.77,64964.98,65056.77
291,2024-07-17T03:16:40.000000Z,65056.77,65073.97,65044.51,65073.71
292,2024-07-17T03:17:40.000000Z,65073.71,65095.15,65065.35,65095.15
293,2024-07-17T03:18:40.000000Z,65095.15,65173.92,65095.15,65117.32
294,2024-07-17T03:19:40.000000Z,65117.32,65144.11,65038.39,65050.93
295,2024-07-17T03:20:40.000000Z,65050.93,65105.25,65035.29,65035.29
296,2024-07-17T03:21:40.000000Z,65035.29,65035.29,64900.0,64937.2
297,2024-07-17T03:22:40.000000Z,64937.2,64993.51,64928.5,64993.51
298,2024-07-17T03:23:40.000000Z,64993.51,65050.61,64993.5,65050.6
299,2024-07-17T03:24:40.000000Z,65050.6,65050.6,64999.09,65008.92
300,2024-07-17T03:25:40.000000Z,65008.92,65013.46,64940.0,64940.0
301,2024-07-17T03:26:40.000000Z,64940.0,64967.91,64940.0,64949.53
302,2024-07-17T03:27:40.000000Z,64949.53,64949.53,64922.35,64923.63
303,2024-07-17T03:28:40.000000Z,64923.63,64943.62,64920.22,64927.75
304,2024-07-17T03:29:40.000000Z,64927.75,64960.1,64927.04,64960.1
305,2024-07-17T03:30:40.000000Z,64960.1,64960.1,64900.0,64902.61
306,2024-07-17T03:31:40.000000Z,64902.61,64940.02,64902.6,64910.0
307,2024-07-17T03:32:40.000000Z,64910.0,64910.0,64820.0,64857.57
308,2024-07-17T03:33:40.000000Z,64857.57,64857.98,64831.13,64857.51
309,2024-07-17T03:34:40.000000Z,64857.51,64857.51,64831.15,64831.16
310,2024-07-17T03:35:40.000000Z,64831.16,64889.6,64831.16,64889.6
311,2024-07-17T03:36:40.000000Z,64889.6,64976.94,64889.6,64948.87
312,2024-07-17T03:37:40.000000Z,64948.87,64948.88,64914.88,64914.88
313,2024-07-17T03:38:40.000000Z,64914.88,64914.88,64854.24,64887.36
314,2024-07-17T03:39:40.000000Z,64887.36,64908.29,64874.47,64874.47
315,2024-07-17T03:40:40.000000Z,64874.47,64878.63,64874.47,64874.48
316,2024-07-17T03:41:40.000000Z,64874.48,64946.58,64874.47,64938.31
317,2024-07-17T03:42:40.000000Z,64938.31,64995.97,64915.5,64915.5
318,2024-07-17T03:43:40.000000Z,64915.5,64933.01,64831.16,64831.16
319,2024-07-17T03:44:40.000000Z,64831.16,64876.7,64831.16,64842.1
320,2024-07-17T03:45:40.000000Z,64842.1,64853.89,64833.26,64835.67
321,2024-07-17T03:46:40.000000Z,64835.67,64835.67,64787.17,64812.44
322,2024-07-17T03:47:40.000000Z,64812.44,64812.44,64800.51,64803.28
323,2024-07-17T03:48:40.000000Z,64803.28,64804.99,64787.17,64804.99
324,2024-07-17T03:49:40.000000Z,64804.99,64805.0,64780.69,64792.13
325,2024-07-17T03:50:40.000000Z,64792.13,64804.97,64770.33,64778.58
326,2024-07-17T03:51:40.000000Z,64778.58,64778.58,64744.55,64744.55
327,2024-07-17T03:52:40.000000Z,64744.55,64803.84,64674.96,64796.34
328,2024-07-17T03:53:40.000000Z,64796.34,64806.8,64790.0,64802.64
329,2024-07-17T03:54:40.000000Z,64802.64,64802.65,64760.0,64767.31
330,2024-07-17T03:55:40.000000Z,64767.31,64793.52,64765.65,64793.52
331,2024-07-17T03:56:40.000000Z,64793.52,64805.0,64793.52,64800.17
332,2024-07-17T03:57:40.000000Z,64800.17,64800.17,64776.96,64776.96
333,2024-07-17T03:58:40.000000Z,64776.96,64784.66,64760.0,64760.0
334,2024-07-17T03:59:40.000000Z,64760.0,64760.0,64626.08,64626.08
335,2024-07-17T04:00:40.000000Z,64626.08,64651.82,64612.16,64628.87
336,2024-07-17T04:01:40.000000Z,64628.87,64697.48,64628.87,64697.48
337,2024-07-17T04:02:40.000000Z,64697.48,64752.59,64688.35,64746.7
338,2024-07-17T04:03:40.000000Z,64746.7,64761.3,64705.0,64705.0
339,2024-07-17T04:04:40.000000Z,64705.0,64756.94,64704.99,64756.93
340,2024-07-17T04:05:40.000000Z,64756.93,64769.08,64731.05,64731.06
341,2024-07-17T04:06:41.000000Z,64731.06,64743.89,64713.2,64725.32
342,2024-07-17T04:07:41.000000Z,64725.32,64728.56,64630.0,64630.0
343,2024-07-17T04:08:41.000000Z,64630.0,64638.33,64613.08,64638.33
344,2024-07-17T04:09:41.000000Z,64638.33,64697.49,64632.27,64697.49
345,2024-07-17T04:10:40.000000Z,64697.49,64697.49,64600.0,64615.97
346,2024-07-17T04:11:40.000000Z,64615.97,64618.55,64593.55,64593.56
347,2024-07-17T04:12:40.000000Z,64593.56,64593.56,64479.14,64557.16
348,2024-07-17T04:13:40.000000Z,64557.16,64582.02,64506.07,64582.01
349,2024-07-17T04:14:40.000000Z,64582.01,64582.01,64527.25,64550.69
350,2024-07-17T04:15:40.000000Z,64550.69,64611.47,64539.86,64611.47
351,2024-07-17T04:16:40.000000Z,64611.47,64641.77,64611.47,64641.77
352,2024-07-17T04:17:40.000000Z,64641.77,64672.89,64641.76,64665.36
353,2024-07-17T04:18:40.000000Z,64665.36,64696.89,64654.87,64696.88
354,2024-07-17T04:19:40.000000Z,64696.88,64702.58,64681.61,64686.4
355,2024-07-17T04:20:40.000000Z,64686.4,64715.0,64686.39,64715.0
356,2024-07-17T04:21:40.000000Z,64715.0,64725.23,64695.11,64695.11
357,2024-07-17T04:22:40.000000Z,64695.11,64701.4,64686.4,64701.39
358,2024-07-17T04:23:40.000000Z,64701.39,64703.46,64694.76,64694.76
359,2024-07-17T04:24:40.000000Z,64694.76,64697.64,64687.6,64697.64
360,2024-07-17T04:25:40.000000Z,64697.64,64710.7,64697.64,64708.32
361,2024-07-17T04:26:40.000000Z,64708.32,64708.32,64704.23,64704.23
362,2024-07-17T04:27:40.000000Z,64704.23,64715.0,64704.23,64714.99
363,2024-07-17T04:28:40.000000Z,64714.99,64769.08,64714.99,64767.25
364,2024-07-17T04:29:40.000000Z,64767.25,64767.25,64767.24,64767.25
365,2024-07-17T04:30:40.000000Z,64767.25,64767.25,64754.27,64754.27
366,2024-07-17T04:31:40.000000Z,64754.27,64754.28,64754.27,64754.27
367,2024-07-17T04:32:40.000000Z,64754.27,64814.3,64754.27,64814.3
368,2024-07-17T04:33:40.000000Z,64814.3,64831.33,64810.85,64810.85
369,2024-07-17T04:34:40.000000Z,64810.85,64810.85,64781.59,64781.6
370,2024-07-17T04:35:40.000000Z,64781.6,64781.6,64763.93,64763.93
371,2024-07-17T04:36:40.000000Z,64763.93,64763.94,64691.44,64691.44
372,2024-07-17T04:37:40.000000Z,64691.44,64691.44,64642.32,64663.41
373,2024-07-17T04:38:40.000000Z,64663.41,64663.41,64644.97,64644.97
374,2024-07-17T04:39:40.000000Z,64644.97,64647.61,64607.68,64607.68
375,2024-07-17T04:40:40.000000Z,64607.68,64653.56,64607.68,64653.55
376,2024-07-17T04:41:40.000000Z,64653.55,64681.05,64653.55,64681.03
377,2024-07-17T04:42:40.000000Z,64681.03,64709.63,64681.03,64693.6
378,2024-07-17T04:43:40.000000Z,64693.6,64693.6,64646.1,64646.1
379,2024-07-17T04:44:40.000000Z,64646.1,64646.1,64608.0,64621.99
380,2024-07-17T04:45:40.000000Z,64621.99,64622.0,64617.37,64621.46
381,2024-07-17T04:46:40.000000Z,64621.46,64640.09,64621.44,64640.09
382,2024-07-17T04:47:40.000000Z,64640.09,64640.09,64640.08,64640.09
383,2024-07-17T04:48:40.000000Z,64640.09,64651.68,64640.09,64651.68
384,2024-07-17T04:49:40.000000Z,64651.68,64661.7,64651.68,64661.69
385,2024-07-17T04:50:40.000000Z,64661.69,64661.69,64644.09,64645.18
386,2024-07-17T04:51:40.000000Z,64645.18,64645.18,64638.72,64638.72
387,2024-07-17T04:52:40.000000Z,64638.72,64638.72,64605.74,64605.74
388,2024-07-17T04:53:40.000000Z,64605.74,64605.74,64536.24,64562.93
389,2024-07-17T04:54:40.000000Z,64562.93,64578.22,64562.92,64578.21
390,2024-07-17T04:55:40.000000Z,64578.21,64585.64,64578.21,64585.63
391,2024-07-17T04:56:40.000000Z,64585.63,64585.64,64585.63,64585.64
392,2024-07-17T04:57:40.000000Z,64585.64,64585.64,64582.0,64582.0
393,2024-07-17T04:58:40.000000Z,64582.0,64582.01,64540.1,64542.68
394,2024-07-17T04:59:40.000000Z,64542.68,64546.0,64518.52,64518.52
395,2024-07-17T05:00:40.000000Z,64518.52,64518.52,64477.8,64498.01
396,2024-07-17T05:01:40.000000Z,64498.01,64540.0,64498.01,64537.99
397,2024-07-17T05:02:40.000000Z,64537.99,64560.7,64537.99,64548.33
398,2024-07-17T05:03:40.000000Z,64548.33,64549.51,64540.0,64540.01
399,2024-07-17T05:04:40.000000Z,64540.01,64549.49,64488.53,64491.21
400,2024-07-17T05:05:40.000000Z,64491.21,64505.36,64319.29,64409.07
401,2024-07-17T05:06:40.000000Z,64409.07,64446.71,64380.0,64386.06
402,2024-07-17T05:07:41.000000Z,64386.06,64418.61,64386.06,64418.61
403,2024-07-17T05:08:41.000000Z,64418.61,64423.73,64115.0,64194.01
404,2024-07-17T05:09:41.000000Z,64194.01,64295.31,64191.99,64276.01
405,2024-07-17T05:10:41.000000Z,64276.01,64276.01,64143.26,64199.47
406,2024-07-17T05:11:41.000000Z,64199.47,64240.0,64147.8,64150.02
407,2024-07-17T05:12:41.000000Z,64150.02,64266.0,64150.02,64266.0
408,2024-07-17T05:13:40.000000Z,64266.0,64372.59,64265.99,64372.59
409,2024-07-17T05:14:40.000000Z,64372.59,64374.19,64320.0,64374.19
410,2024-07-17T05:15:40.000000Z,64374.19,64408.27,64342.0,64408.26
411,2024-07-17T05:16:40.000000Z,64408.26,64467.57,64385.51,64420.39
412,2024-07-17T05:17:40.000000Z,64420.39,64442.0,64372.5,64441.99
413,2024-07-17T05:18:40.000000Z,64441.99,64441.99,64369.82,64420.41
414,2024-07-17T05:19:40.000000Z,64420.41,64421.77,64376.01,64421.76
415,2024-07-17T05:20:40.000000Z,64421.76,64421.77,64390.0,64421.73
416,2024-07-17T05:21:40.000000Z,64421.73,64441.99,64402.01,64415.98
417,2024-07-17T05:22:40.000000Z,64415.98,64434.9,64336.62,64340.89
418,2024-07-17T05:23:40.000000Z,64340.89,64344.1,64300.0,64303.99
419,2024-07-17T05:24:40.000000Z,64303.99,64367.34,64300.0,64367.33
420,2024-07-17T05:25:40.000000Z,64367.33,64367.33,64337.7,64356.82
421,2024-07-17T05:26:40.000000Z,64356.82,64409.99,64353.73,64409.98
422,2024-07-17T05:27:40.000000Z,64409.98,64427.49,64390.41,64390.41
423,2024-07-17T05:28:40.000000Z,64390.41,64390.41,64318.78,64318.79
424,2024-07-17T05:29:40.000000Z,64318.79,64321.06,64294.69,64304.0
425,2024-07-17T05:30:40.000000Z,64304.0,64339.87,64303.99,64339.87
426,2024-07-17T05:31:40.000000Z,64339.87,64382.0,64339.87,64382.0
427,2024-07-17T05:32:40.000000Z,64382.0,64394.0,64373.49,64373.99
428,2024-07-17T05:33:40.000000Z,64373.99,64420.0,64373.99,64420.0
429,2024-07-17T05:34:40.000000Z,64420.0,64426.41,64419.99,64426.41
430,2024-07-17T05:35:40.000000Z,64426.41,64426.41,64413.03,64423.4
431,2024-07-17T05:36:40.000000Z,64423.4,64426.96,64380.68,64380.68
432,2024-07-17T05:37:40.000000Z,64380.68,64392.0,64360.0,64377.99
433,2024-07-17T05:38:40.000000Z,64377.99,64402.46,64377.99,64402.45
434,2024-07-17T05:39:40.000000Z,64402.45,64402.45,64347.49,64352.36
435,2024-07-17T05:40:40.000000Z,64352.36,64406.9,64348.0,64406.9
436,2024-07-17T05:41:40.000000Z,64406.9,64429.97,64406.9,64426.01
437,2024-07-17T05:42:40.000000Z,64426.01,64456.0,64426.0,64456.0
438,2024-07-17T05:43:40.000000Z,64456.0,64480.0,64455.99,64477.99
439,2024-07-17T05:44:40.000000Z,64477.99,64478.0,64441.51,64441.51
440,2024-07-17T05:45:40.000000Z,64441.51,64504.99,64441.51,64504.99
441,2024-07-17T05:46:40.000000Z,64504.99,64554.68,64504.99,64527.76
442,2024-07-17T05:47:40.000000Z,64527.76,64527.77,64510.72,64510.72
443,2024-07-17T05:48:40.000000Z,64510.72,64593.2,64510.72,64558.58
444,2024-07-17T05:49:40.000000Z,64558.58,64583.01,64540.0,64553.99
445,2024-07-17T05:50:40.000000Z,64553.99,64584.0,64553.99,64584.0
446,2024-07-17T05:51:40.000000Z,64584.0,64600.0,64584.0,64599.99
447,2024-07-17T05:52:40.000000Z,64599.99,64621.46,64599.99,64604.01
448,2024-07-17T05:53:40.000000Z,64604.01,64611.86,64598.0,64604.0
449,2024-07-17T05:54:40.000000Z,64604.0,64605.99,64597.51,64605.98
450,2024-07-17T05:55:40.000000Z,64605.98,64605.99,64598.0,64598.0
451,2024-07-17T05:56:40.000000Z,64598.0,64618.0,64598.0,64617.99
452,2024-07-17T05:57:40.000000Z,64617.99,64623.21,64611.12,64611.12
453,2024-07-17T05:58:40.000000Z,64611.12,64617.99,64611.12,64617.98
454,2024-07-17T05:59:40.000000Z,64617.98,64622.0,64617.98,64617.98
455,2024-07-17T06:00:40.000000Z,64617.98,64658.34,64613.83,64658.34
456,2024-07-17T06:01:40.000000Z,64658.34,64660.28,64646.07,64646.08
457,2024-07-17T06:02:40.000000Z,64646.08,64665.3,64646.07,64665.3
458,2024-07-17T06:03:40.000000Z,64665.3,64682.59,64665.3,64678.0
459,2024-07-17T06:04:40.000000Z,64678.0,64678.01,64656.36,64656.36
460,2024-07-17T06:05:40.000000Z,64656.36,64656.36,64627.16,64630.37
461,2024-07-17T06:06:40.000000Z,64630.37,64679.67,64618.92,64679.66
462,2024-07-17T06:07:40.000000Z,64679.66,64724.59,64679.66,64710.01
463,2024-07-17T06:08:40.000000Z,64710.01,64727.08,64701.59,64727.08
464,2024-07-17T06:09:40.000000Z,64727.08,64762.6,64727.07,64760.01
465,2024-07-17T06:10:40.000000Z,64760.01,64767.5,64742.29,64742.3
466,2024-07-17T06:11:40.000000Z,64742.3,64790.84,64730.0,64790.84
467,2024-07-17T06:12:40.000000Z,64790.84,64847.01,64790.84,64847.01
468,2024-07-17T06:13:40.000000Z,64847.01,64872.62,64834.0,64859.88
469,2024-07-17T06:14:40.000000Z,64859.88,64870.96,64835.28,64870.96
470,2024-07-17T06:15:40.000000Z,64870.96,64991.72,64867.35,64974.48
471,2024-07-17T06:16:40.000000Z,64974.48,65028.91,64971.44,65028.91
472,2024-07-17T06:17:40.000000Z,65028.91,65028.91,64968.9,64971.59
473,2024-07-17T06:18:40.000000Z,64971.59,64986.79,64942.6,64965.0
474,2024-07-17T06:19:40.000000Z,64965.0,65032.5,64965.0,65032.49
475,2024-07-17T06:20:40.000000Z,65032.49,65073.67,65000.09,65000.09
476,2024-07-17T06:21:40.000000Z,65000.09,65000.09,64886.18,64886.18
477,2024-07-17T06:22:41.000000Z,64886.18,64994.48,64875.34,64994.47
478,2024-07-17T06:23:41.000000Z,64994.47,64994.48,64939.36,64949.48
479,2024-07-17T06:24:41.000000Z,64949.48,64949.48,64906.0,64906.0
480,2024-07-17T06:25:41.000000Z,64906.0,64979.99,64906.0,64979.99
481,2024-07-17T06:26:40.000000Z,64979.99,65000.0,64958.0,64999.99
482,2024-07-17T06:27:40.000000Z,64999.99,65000.0,64974.01,64974.02
483,2024-07-17T06:28:40.000000Z,64974.02,65011.26,64964.74,64988.5
484,2024-07-17T06:29:40.000000Z,64988.5,65156.25,64975.38,65156.25
485,2024-07-17T06:30:40.000000Z,65156.25,65350.0,65127.4,65350.0
486,2024-07-17T06:31:40.000000Z,65350.0,65388.97,65234.12,65234.12
487,2024-07-17T06:32:40.000000Z,65234.12,65234.12,65139.63,65220.0
488,2024-07-17T06:33:40.000000Z,65220.0,65316.29,65206.34,65295.99
489,2024-07-17T06:34:40.000000Z,65295.99,65308.69,65190.67,65196.0
490,2024-07-17T06:35:40.000000Z,65196.0,65207.77,65121.08,65145.97
491,2024-07-17T06:36:40.000000Z,65145.97,65151.0,65087.66,65087.66
492,2024-07-17T06:37:40.000000Z,65087.66,65087.67,65003.99,65012.72
493,2024-07-17T06:38:40.000000Z,65012.72,65048.12,65003.98,65010.14
494,2024-07-17T06:39:40.000000Z,65010.14,65017.99,65010.13,65013.27
495,2024-07-17T06:40:40.000000Z,65013.27,65086.17,65013.26,65086.17
496,2024-07-17T06:41:40.000000Z,65086.17,65096.0,65066.02,65096.0
497,2024-07-17T06:42:40.000000Z,65096.0,65191.18,65095.99,65168.01
498,2024-07-17T06:43:40.000000Z,65168.01,65206.03,65168.01,65203.71
499,2024-07-17T06:44:40.000000Z,65203.71,65282.39,65202.61,65216.0
500,2024-07-17T06:45:40.000000Z,65216.0,65216.0,65099.77,65099.77
501,2024-07-17T06:46:40.000000Z,65099.77,65124.0,65093.6,65099.59
502,2024-07-17T06:47:40.000000Z,65099.59,65099.59,65090.0,65096.0
503,2024-07-17T06:48:40.000000Z,65096.0,65149.99,65095.98,65149.99
504,2024-07-17T06:49:40.000000Z,65149.99,65155.58,65075.18,65079.99
505,2024-07-17T06:50:40.000000Z,65079.99,65154.64,65079.99,65146.0
506,2024-07-17T06:51:40.000000Z,65146.0,65151.07,65119.35,65119.35
507,2024-07-17T06:52:40.000000Z,65119.35,65149.63,65097.99,65149.63
508,2024-07-17T06:53:40.000000Z,65149.63,65167.98,65119.99,65119.99
509,2024-07-17T06:54:40.000000Z,65119.99,65124.0,65114.89,65123.99
510,2024-07-17T06:55:40.000000Z,65123.99,65144.67,65119.14,65144.66
511,2024-07-17T06:56:40.000000Z,65144.66,65144.67,65046.54,65046.54
512,2024-07-17T06:57:40.000000Z,65046.54,65118.73,65030.5,65088.0
513,2024-07-17T06:58:40.000000Z,65088.0,65122.16,65069.68,65069.68
514,2024-07-17T06:59:40.000000Z,65069.68,65070.08,65038.01,65038.02
515,2024-07-17T07:00:40.000000Z,65038.02,65084.0,65035.44,65068.05
516,2024-07-17T07:01:40.000000Z,65068.05,65068.05,64974.57,64974.57
517,2024-07-17T07:02:40.000000Z,64974.57,64994.0,64936.01,64991.49
518,2024-07-17T07:03:40.000000Z,64991.49,65074.75,64991.49,65035.84
519,2024-07-17T07:04:40.000000Z,65035.84,65087.56,65035.84,65087.56
520,2024-07-17T07:05:40.000000Z,65087.56,65099.99,65076.0,65096.68
521,2024-07-17T07:06:40.000000Z,65096.68,65189.33,65096.68,65189.33
522,2024-07-17T07:07:40.000000Z,65189.33,65235.0,65160.85,65204.17
523,2024-07-17T07:08:40.000000Z,65204.17,65255.9,65192.52,65255.9
524,2024-07-17T07:09:40.000000Z,65255.9,65288.68,65246.0,65288.67
525,2024-07-17T07:10:40.000000Z,65288.67,65300.21,65260.92,65260.92
526,2024-07-17T07:11:40.000000Z,65260.92,65277.98,65175.93,65175.93
527,2024-07-17T07:12:40.000000Z,65175.93,65226.09,65175.93,65223.04
528,2024-07-17T07:13:40.000000Z,65223.04,65242.0,65223.03,65233.05
529,2024-07-17T07:14:40.000000Z,65233.05,65248.44,65233.05,65248.44
530,2024-07-17T07:15:40.000000Z,65248.44,65273.88,65228.0,65228.01
531,2024-07-17T07:16:40.000000Z,65228.01,65239.4,65186.0,65239.4
532,2024-07-17T07:17:40.000000Z,65239.4,65333.0,65239.4,65332.99
533,2024-07-17T07:18:40.000000Z,65332.99,65339.2,65287.27,65301.99
534,2024-07-17T07:19:40.000000Z,65301.99,65301.99,65250.0,65299.99
535,2024-07-17T07:20:40.000000Z,65299.99,65338.0,65279.55,65279.55
536,2024-07-17T07:21:40.000000Z,65279.55,65279.55,65250.0,65258.02
537,2024-07-17T07:22:40.000000Z,65258.02,65299.99,65258.01,65299.99
538,2024-07-17T07:23:40.000000Z,65299.99,65359.15,65299.99,65346.04
539,2024-07-17T07:24:40.000000Z,65346.04,65346.05,65300.0,65300.0
540,2024-07-17T07:25:40.000000Z,65300.0,65335.68,65283.53,65310.02
541,2024-07-17T07:26:40.000000Z,65310.02,65328.34,65306.75,65323.62
542,2024-07-17T07:27:40.000000Z,65323.62,65327.99,65323.61,65327.99
543,2024-07-17T07:28:40.000000Z,65327.99,65327.99,65250.0,65250.0
544,2024-07-17T07:29:40.000000Z,65250.0,65269.94,65220.86,65240.0
545,2024-07-17T07:30:41.000000Z,65240.0,65297.64,65216.0,65297.64
546,2024-07-17T07:31:41.000000Z,65297.64,65378.0,65284.35,65378.0
547,2024-07-17T07:32:41.000000Z,65378.0,65450.0,65366.55,65406.0
548,2024-07-17T07:33:41.000000Z,65406.0,65406.0,65258.43,65268.01
549,2024-07-17T07:34:40.000000Z,65268.01,65329.14,65252.0,65312.01
550,2024-07-17T07:35:40.000000Z,65312.01,65312.01,65230.78,65245.0
551,2024-07-17T07:36:40.000000Z,65245.0,65289.82,65236.01,65271.25
552,2024-07-17T07:37:40.000000Z,65271.25,65298.04,65252.0,65252.0
553,2024-07-17T07:38:40.000000Z,65252.0,65325.97,65238.01,65317.42
554,2024-07-17T07:39:40.000000Z,65317.42,65337.58,65317.42,65337.58
555,2024-07-17T07:40:40.000000Z,65337.58,65435.97,65337.58,65435.96
556,2024-07-17T07:41:40.000000Z,65435.96,65453.55,65382.0,65447.62
557,2024-07-17T07:42:40.000000Z,65447.62,65461.38,65395.01,65441.05
558,2024-07-17T07:43:40.000000Z,65441.05,65461.37,65431.51,65446.72
559,2024-07-17T07:44:40.000000Z,65446.72,65500.0,65427.52,65500.0
560,2024-07-17T07:45:40.000000Z,65500.0,65603.12,65474.31,65495.51
561,2024-07-17T07:46:40.000000Z,65495.51,65506.07,65429.37,65459.39
562,2024-07-17T07:47:40.000000Z,65459.39,65500.0,65455.99,65499.99
563,2024-07-17T07:48:40.000000Z,65499.99,65499.99,65408.3,65416.0
564,2024-07-17T07:49:40.000000Z,65416.0,65431.33,65396.87,65405.99
565,2024-07-17T07:50:40.000000Z,65405.99,65431.85,65386.0,65431.83
566,2024-07-17T07:51:40.000000Z,65431.83,65523.45,65431.83,65473.8
567,2024-07-17T07:52:40.000000Z,65473.8,65490.39,65391.53,65391.53
568,2024-07-17T07:53:40.000000Z,65391.53,65430.92,65380.0,65424.96
569,2024-07-17T07:54:40.000000Z,65424.96,65442.6,65409.41,65409.41
570,2024-07-17T07:55:40.000000Z,65409.41,65460.0,65409.41,65418.01
571,2024-07-17T07:56:40.000000Z,65418.01,65456.99,65403.28,65446.0
572,2024-07-17T07:57:40.000000Z,65446.0,65476.01,65442.25,65474.44
573,2024-07-17T07:58:40.000000Z,65474.44,65493.43,65460.96,65486.0
574,2024-07-17T07:59:40.000000Z,65486.0,65498.0,65468.57,65476.0
575,2024-07-17T08:00:40.000000Z,65476.0,65555.0,65475.99,65538.01
576,2024-07-17T08:01:40.000000Z,65538.01,65539.99,65454.86,65476.0
577,2024-07-17T08:02:40.000000Z,65476.0,65482.0,65440.3,65440.3
578,2024-07-17T08:03:40.000000Z,65440.3,65564.28,65440.3,65550.99
579,2024-07-17T08:04:40.000000Z,65550.99,65597.21,65529.7,65566.01
580,2024-07-17T08:05:40.000000Z,65566.01,65645.33,65523.58,65523.58
581,2024-07-17T08:06:40.000000Z,65523.58,65523.58,65472.82,65499.98
582,2024-07-17T08:07:40.000000Z,65499.98,65655.88,65499.87,65638.0
583,2024-07-17T08:08:40.000000Z,65638.0,65665.99,65632.66,65663.9
584,2024-07-17T08:09:40.000000Z,65663.9,65780.0,65648.0,65779.63
585,2024-07-17T08:10:40.000000Z,65779.63,65845.0,65742.01,65845.0
586,2024-07-17T08:11:40.000000Z,65845.0,65871.0,65774.0,65833.86
587,2024-07-17T08:12:40.000000Z,65833.86,65840.0,65772.01,65836.0
588,2024-07-17T08:13:40.000000Z,65836.0,65890.15,65803.19,65862.04
589,2024-07-17T08:14:40.000000Z,65862.04,65862.05,65794.0,65812.0
590,2024-07-17T08:15:40.000000Z,65812.0,65862.04,65782.22,65862.04
591,2024-07-17T08:16:40.000000Z,65862.04,65927.98,65862.04,65922.75
592,2024-07-17T08:17:40.000000Z,65922.75,65948.75,65908.84,65930.0
593,2024-07-17T08:18:40.000000Z,65930.0,66000.0,65926.0,65987.99
594,2024-07-17T08:19:40.000000Z,65987.99,65995.99,65960.0,65995.99
595,2024-07-17T08:20:40.000000Z,65995.99,66108.0,65946.93,65946.93
596,2024-07-17T08:21:40.000000Z,65946.93,66024.01,65921.62,65964.46
597,2024-07-17T08:22:40.000000Z,65964.46,65992.87,65908.85,65908.85
598,2024-07-17T08:23:40.000000Z,65908.85,65978.0,65862.15,65978.0
599,2024-07-17T08:24:40.000000Z,65978.0,65978.0,65909.67,65912.64
600,2024-07-17T08:25:40.000000Z,65912.64,65947.99,65878.0,65885.78
601,2024-07-17T08:26:40.000000Z,65885.78,65892.0,65824.96,65824.96
602,2024-07-17T08:27:40.000000Z,65824.96,65833.77,65798.05,65798.06
603,2024-07-17T08:28:40.000000Z,65798.06,65804.57,65779.0,65794.61
604,2024-07-17T08:29:41.000000Z,65794.61,65831.49,65780.66,65831.49
605,2024-07-17T08:30:41.000000Z,65831.49,65942.01,65831.49,65908.01
606,2024-07-17T08:31:41.000000Z,65908.01,65926.0,65880.1,65906.01
607,2024-07-17T08:32:41.000000Z,65906.01,65947.96,65884.0,65924.48
608,2024-07-17T08:33:40.000000Z,65924.48,65948.0,65894.64,65894.64
609,2024-07-17T08:34:40.000000Z,65894.64,65895.4,65848.06,65848.06
610,2024-07-17T08:35:40.000000Z,65848.06,65857.99,65818.0,65849.0
611,2024-07-17T08:36:40.000000Z,65849.0,65860.0,65824.0,65824.02
612,2024-07-17T08:37:40.000000Z,65824.02,65932.0,65824.01,65922.01
613,2024-07-17T08:38:40.000000Z,65922.01,65968.71,65900.44,65968.7
614,2024-07-17T08:39:40.000000Z,65968.7,66008.73,65954.0,66008.73
615,2024-07-17T08:40:40.000000Z,66008.73,66030.0,65970.0,65970.0
616,2024-07-17T08:41:40.000000Z,65970.0,65974.25,65919.39,65948.12
617,2024-07-17T08:42:40.000000Z,65948.12,65998.0,65948.11,65960.0
618,2024-07-17T08:43:40.000000Z,65960.0,65981.88,65931.18,65981.87
619,2024-07-17T08:44:40.000000Z,65981.87,65985.18,65938.0,65938.01
620,2024-07-17T08:45:40.000000Z,65938.01,65985.0,65938.0,65985.0
621,2024-07-17T08:46:40.000000Z,65985.0,66006.0,65923.69,65923.69
622,2024-07-17T08:47:40.000000Z,65923.69,65923.69,65874.99,65894.84
623,2024-07-17T08:48:40.000000Z,65894.84,65894.84,65804.0,65806.82
624,2024-07-17T08:49:40.000000Z,65806.82,65837.49,65800.0,65819.99
625,2024-07-17T08:50:40.000000Z,65819.99,65847.28,65716.4,65716.4
626,2024-07-17T08:51:41.000000Z,65716.4,65767.61,65716.4,65730.01
627,2024-07-17T08:52:41.000000Z,65730.01,65730.01,65647.45,65672.0
628,2024-07-17T08:53:41.000000Z,65672.0,65703.0,65645.54,65654.32
629,2024-07-17T08:54:41.000000Z,65654.32,65719.71,65650.84,65719.71
630,2024-07-17T08:55:40.000000Z,65719.71,65724.31,65717.99,65721.68
631,2024-07-17T08:56:40.000000Z,65721.68,65722.99,65653.86,65655.99
632,2024-07-17T08:57:40.000000Z,65655.99,65670.0,65628.4,65656.01
633,2024-07-17T08:58:40.000000Z,65656.01,65700.0,65648.0,65661.09
634,2024-07-17T08:59:40.000000Z,65661.09,65687.37,65661.07,65682.01
635,2024-07-17T09:00:40.000000Z,65682.01,65705.5,65670.18,65697.24
636,2024-07-17T09:01:40.000000Z,65697.24,65715.0,65697.24,65714.99
637,2024-07-17T09:02:40.000000Z,65714.99,65726.28,65714.01,65726.0
638,2024-07-17T09:03:40.000000Z,65726.0,65726.01,65716.0,65722.59
639,2024-07-17T09:04:40.000000Z,65722.59,65726.52,65689.07,65690.85
640,2024-07-17T09:05:40.000000Z,65690.85,65725.0,65690.85,65724.99
641,2024-07-17T09:06:40.000000Z,65724.99,65733.07,65712.0,65724.0
642,2024-07-17T09:07:40.000000Z,65724.0,65835.0,65724.0,65830.0
643,2024-07-17T09:08:40.000000Z,65830.0,65885.88,65828.01,65872.01
644,2024-07-17T09:09:40.000000Z,65872.01,65895.0,65808.65,65811.31
645,2024-07-17T09:10:40.000000Z,65811.31,65854.58,65811.28,65854.58
646,2024-07-17T09:11:40.000000Z,65854.58,65880.71,65846.0,65868.01
647,2024-07-17T09:12:40.000000Z,65868.01,65893.81,65820.0,65820.0
648,2024-07-17T09:13:40.000000Z,65820.0,65823.96,65803.95,65820.0
649,2024-07-17T09:14:40.000000Z,65820.0,65820.0,65801.0,65801.0
650,2024-07-17T09:15:40.000000Z,65801.0,65817.99,65779.49,65779.5
651,2024-07-17T09:16:40.000000Z,65779.5,65779.5,65654.2,65656.0
652,2024-07-17T09:17:40.000000Z,65656.0,65699.99,65654.16,65654.16
653,2024-07-17T09:18:40.000000Z,65654.16,65656.0,65582.97,65582.97
654,2024-07-17T09:19:40.000000Z,65582.97,65619.99,65582.97,65584.41
655,2024-07-17T09:20:40.000000Z,65584.41,65652.01,65584.4,65652.01
656,2024-07-17T09:21:40.000000Z,65652.01,65652.01,65602.31,65627.99
657,2024-07-17T09:22:40.000000Z,65627.99,65630.0,65606.0,65627.99
658,2024-07-17T09:23:40.000000Z,65627.99,65628.0,65594.63,65627.99
659,2024-07-17T09:24:40.000000Z,65627.99,65647.4,65617.02,65637.29
660,2024-07-17T09:25:40.000000Z,65637.29,65680.0,65637.28,65679.99
661,2024-07-17T09:26:40.000000Z,65679.99,65749.84,65666.77,65749.83
662,2024-07-17T09:27:40.000000Z,65749.83,65835.0,65749.83,65835.0
663,2024-07-17T09:28:40.000000Z,65835.0,65846.07,65800.0,65800.01
664,2024-07-17T09:29:40.000000Z,65800.01,65818.55,65774.79,65774.79
665,2024-07-17T09:30:40.000000Z,65774.79,65795.03,65725.37,65725.37
666,2024-07-17T09:31:40.000000Z,65725.37,65759.8,65720.79,65745.0
667,2024-07-17T09:32:40.000000Z,65745.0,65745.0,65677.74,65678.0
668,2024-07-17T09:33:40.000000Z,65678.0,65738.02,65669.42,65675.2
669,2024-07-17T09:34:40.000000Z,65675.2,65675.21,65655.97,65655.98
670,2024-07-17T09:35:40.000000Z,65655.98,65672.0,65641.53,65643.99
671,2024-07-17T09:36:40.000000Z,65643.99,65700.05,65641.53,65694.0
672,2024-07-17T09:37:40.000000Z,65694.0,65739.99,65694.0,65720.01
673,2024-07-17T09:38:41.000000Z,65720.01,65720.01,65700.0,65700.01
674,2024-07-17T09:39:41.000000Z,65700.01,65730.0,65693.22,65726.84
675,2024-07-17T09:40:41.000000Z,65726.84,65764.71,65726.83,65730.0
676,2024-07-17T09:41:41.000000Z,65730.0,65755.89,65716.65,65737.35
677,2024-07-17T09:42:41.000000Z,65737.35,65805.0,65737.35,65805.0
678,2024-07-17T09:43:40.000000Z,65805.0,65861.54,65804.99,65858.0
679,2024-07-17T09:44:40.000000Z,65858.0,65876.99,65793.67,65800.0
680,2024-07-17T09:45:40.000000Z,65800.0,65825.0,65765.32,65765.32
681,2024-07-17T09:46:40.000000Z,65765.32,65765.33,65757.2,65762.7
682,2024-07-17T09:47:40.000000Z,65762.7,65805.0,65762.7,65802.01
683,2024-07-17T09:48:40.000000Z,65802.01,65802.01,65756.72,65759.83
684,2024-07-17T09:49:40.000000Z,65759.83,65759.83,65724.01,65724.01
685,2024-07-17T09:50:40.000000Z,65724.01,65738.0,65709.26,65711.52
686,2024-07-17T09:51:40.000000Z,65711.52,65736.34,65711.52,65732.0
687,2024-07-17T09:52:40.000000Z,65732.0,65732.0,65658.16,65660.03
688,2024-07-17T09:53:40.000000Z,65660.03,65680.0,65588.0,65588.01
689,2024-07-17T09:54:40.000000Z,65588.01,65592.0,65563.63,65566.0
690,2024-07-17T09:55:40.000000Z,65566.0,65604.0,65541.05,65604.0
691,2024-07-17T09:56:40.000000Z,65604.0,65621.5,65593.44,65593.44
692,2024-07-17T09:57:40.000000Z,65593.44,65613.98,65593.44,65597.82
693,2024-07-17T09:58:40.000000Z,65597.82,65632.01,65597.82,65603.99
694,2024-07-17T09:59:40.000000Z,65603.99,65629.38,65603.99,65629.38
695,2024-07-17T10:00:40.000000Z,65629.38,65648.0,65612.85,65648.0
696,2024-07-17T10:01:40.000000Z,65648.0,65668.0,65606.0,65616.9
697,2024-07-17T10:02:40.000000Z,65616.9,65679.99,65616.9,65672.0
698,2024-07-17T10:03:40.000000Z,65672.0,65690.0,65672.0,65690.0
699,2024-07-17T10:04:40.000000Z,65690.0,65699.25,65619.57,65619.57
700,2024-07-17T10:05:40.000000Z,65619.57,65652.0,65616.53,65616.54
701,2024-07-17T10:06:40.000000Z,65616.54,65655.84,65600.0,65603.99
702,2024-07-17T10:07:40.000000Z,65603.99,65603.99,65560.85,65566.0
703,2024-07-17T10:08:40.000000Z,65566.0,65592.0,65556.9,65588.0
704,2024-07-17T10:09:40.000000Z,65588.0,65588.0,65516.24,65535.86
705,2024-07-17T10:10:40.000000Z,65535.86,65558.49,65502.38,65510.29
706,2024-07-17T10:11:40.000000Z,65510.29,65510.29,65449.45,65450.0
707,2024-07-17T10:12:40.000000Z,65450.0,65467.54,65442.09,65444.01
708,2024-07-17T10:13:40.000000Z,65444.01,65454.15,65439.65,65445.805
709,2024-07-17T10:14:40.000000Z,65445.805,65445.805,65375.33,65383.51
710,2024-07-17T10:15:40.000000Z,65383.51,65502.51,65383.5,65502.51
711,2024-07-17T10:16:40.000000Z,65502.51,65525.57,65502.5,65521.99
712,2024-07-17T10:17:40.000000Z,65521.99,65554.76,65515.01,65540.0
713,2024-07-17T10:18:40.000000Z,65540.0,65591.17,65525.54,65537.403
714,2024-07-17T10:19:40.000000Z,65537.403,65638.98,65537.403,65628.0
715,2024-07-17T10:20:40.000000Z,65628.0,65628.0,65568.6,65568.6
716,2024-07-17T10:21:40.000000Z,65568.6,65634.0,65542.0,65633.99
717,2024-07-17T10:22:40.000000Z,65633.99,65633.99,65515.0,65515.0
718,2024-07-17T10:23:40.000000Z,65515.0,65582.0,65511.28,65580.01
719,2024-07-17T10:24:40.000000Z,65580.01,65584.0,65569.47,65569.48
720,2024-07-17T10:25:40.000000Z,65569.48,65578.0,65534.53,65534.54
721,2024-07-17T10:26:40.000000Z,65534.54,65587.34,65521.61,65587.34
722,2024-07-17T10:27:40.000000Z,65587.34,65634.46,65568.85,65568.86
723,2024-07-17T10:28:40.000000Z,65568.86,65568.86,65542.0,65542.0
724,2024-07-17T10:29:40.000000Z,65542.0,65555.99,65542.0,65548.03
725,2024-07-17T10:30:40.000000Z,65548.03,65571.11,65535.45,65571.11
726,2024-07-17T10:31:40.000000Z,65571.11,65590.43,65557.28,65575.05
727,2024-07-17T10:32:40.000000Z,65575.05,65634.46,65575.04,65611.82
728,2024-07-17T10:33:40.000000Z,65611.82,65626.0,65611.81,65626.0
729,2024-07-17T10:34:40.000000Z,65626.0,65633.13,65619.14,65619.14
730,2024-07-17T10:35:40.000000Z,65619.14,65653.41,65619.14,65653.41
731,2024-07-17T10:36:40.000000Z,65653.41,65661.97,65638.45,65661.96
732,2024-07-17T10:37:40.000000Z,65661.96,65702.38,65661.96,65699.99
733,2024-07-17T10:38:40.000000Z,65699.99,65709.09,65661.99,65661.99
734,2024-07-17T10:39:40.000000Z,65661.99,65662.0,65588.0,65598.0
735,2024-07-17T10:40:40.000000Z,65598.0,65674.99,65583.23,65674.99
736,2024-07-17T10:41:40.000000Z,65674.99,65675.0,65654.0,65654.01
737,2024-07-17T10:42:40.000000Z,65654.01,65662.98,65630.0,65630.0
738,2024-07-17T10:43:40.000000Z,65630.0,65675.0,65617.01,65674.99
739,2024-07-17T10:44:40.000000Z,65674.99,65675.0,65663.5,65664.0
740,2024-07-17T10:45:40.000000Z,65664.0,65670.0,65578.64,65578.64
741,2024-07-17T10:46:40.000000Z,65578.64,65628.0,65574.0,65605.21
742,2024-07-17T10:47:40.000000Z,65605.21,65605.21,65576.01,65576.01
743,2024-07-17T10:48:40.000000Z,65576.01,65592.0,65557.45,65591.99
744,2024-07-17T10:49:40.000000Z,65591.99,65660.67,65591.99,65660.67
745,2024-07-17T10:50:40.000000Z,65660.67,65734.0,65660.67,65734.0
746,2024-07-17T10:51:40.000000Z,65734.0,65750.59,65731.291,65731.291
747,2024-07-17T10:52:40.000000Z,65731.291,65792.0,65713.99,65722.0
748,2024-07-17T10:53:40.000000Z,65722.0,65757.19,65722.0,65750.88
749,2024-07-17T10:54:40.000000Z,65750.88,65753.94,65730.52,65739.99
750,2024-07-17T10:55:40.000000Z,65739.99,65740.0,65724.0,65724.0
751,2024-07-17T10:56:40.000000Z,65724.0,65745.0,65715.39,65744.99
752,2024-07-17T10:57:40.000000Z,65744.99,65775.0,65744.99,65746.0
753,2024-07-17T10:58:40.000000Z,65746.0,65760.81,65722.0,65722.01
754,2024-07-17T10:59:40.000000Z,65722.01,65722.01,65707.21,65707.22
755,2024-07-17T11:00:40.000000Z,65707.22,65738.0,65701.65,65738.0
756,2024-07-17T11:01:40.000000Z,65738.0,65738.0,65666.01,65698.7
757,2024-07-17T11:02:40.000000Z,65698.7,65762.4,65692.74,65760.01
758,2024-07-17T11:03:40.000000Z,65760.01,65794.0,65760.0,65793.99
759,2024-07-17T11:04:40.000000Z,65793.99,65813.43,65792.11,65813.43
760,2024-07-17T11:05:40.000000Z,65813.43,65824.0,65790.0,65817.58
761,2024-07-17T11:06:40.000000Z,65817.58,65820.01,65817.58,65820.0
762,2024-07-17T11:07:40.000000Z,65820.0,65820.01,65766.0,65788.0
763,2024-07-17T11:08:40.000000Z,65788.0,65801.99,65768.77,65790.0
764,2024-07-17T11:09:40.000000Z,65790.0,65848.01,65786.05,65838.01
765,2024-07-17T11:10:40.000000Z,65838.01,65855.93,65814.16,65814.16
766,2024-07-17T11:11:40.000000Z,65814.16,65832.56,65783.58,65830.02
767,2024-07-17T11:12:40.000000Z,65830.02,65830.02,65790.0,65790.0
768,2024-07-17T11:13:40.000000Z,65790.0,65830.02,65790.0,65809.62
769,2024-07-17T11:14:40.000000Z,65809.62,65824.99,65809.62,65815.77
770,2024-07-17T11:15:40.000000Z,65815.77,65825.0,65776.01,65776.01
771,2024-07-17T11:16:40.000000Z,65776.01,65776.01,65757.09,65757.09
772,2024-07-17T11:17:40.000000Z,65757.09,65757.09,65736.58,65736.58
773,2024-07-17T11:18:40.000000Z,65736.58,65736.59,65723.03,65724.96
774,2024-07-17T11:19:40.000000Z,65724.96,65730.0,65720.0,65725.01
775,2024-07-17T11:20:40.000000Z,65725.01,65850.95,65725.0,65834.86
776,2024-07-17T11:21:40.000000Z,65834.86,65834.87,65777.08,65777.08
777,2024-07-17T11:22:42.000000Z,65777.08,65777.09,65750.0,65750.0
778,2024-07-17T11:23:40.000000Z,65750.0,65775.0,65750.0,65762.13
779,2024-07-17T11:24:40.000000Z,65762.13,65818.0,65749.53,65814.0
780,2024-07-17T11:25:40.000000Z,65814.0,65820.0,65812.0,65814.0
781,2024-07-17T11:26:40.000000Z,65814.0,65814.0,65782.4,65782.4
782,2024-07-17T11:27:40.000000Z,65782.4,65782.4,65750.0,65750.0
783,2024-07-17T11:28:40.000000Z,65750.0,65755.9,65738.8,65738.8
784,2024-07-17T11:29:40.000000Z,65738.8,65738.8,65670.5,65670.5
785,2024-07-17T11:30:40.000000Z,65670.5,65701.82,65636.36,65636.36
786,2024-07-17T11:31:40.000000Z,65636.36,65659.68,65620.07,65659.67
787,2024-07-17T11:32:40.000000Z,65659.67,65665.96,65626.0,65633.88
788,2024-07-17T11:33:40.000000Z,65633.88,65633.88,65600.0,65600.0
789,2024-07-17T11:34:40.000000Z,65600.0,65600.0,65550.01,65572.01
790,2024-07-17T11:35:40.000000Z,65572.01,65603.37,65546.32,65603.37
791,2024-07-17T11:36:40.000000Z,65603.37,65615.9,65582.11,65614.78
792,2024-07-17T11:37:40.000000Z,65614.78,65641.1,65606.0,65632.0
793,2024-07-17T11:38:40.000000Z,65632.0,65676.63,65630.0,65676.63
794,2024-07-17T11:39:40.000000Z,65676.63,65722.99,65676.62,65722.99
795,2024-07-17T11:40:40.000000Z,65722.99,65797.07,65722.98,65742.8
796,2024-07-17T11:41:40.000000Z,65742.8,65800.0,65742.8,65786.01
797,2024-07-17T11:42:40.000000Z,65786.01,65800.0,65762.46,65800.0
798,2024-07-17T11:43:40.000000Z,65800.0,65825.0,65799.99,65807.54
799,2024-07-17T11:44:40.000000Z,65807.54,65807.55,65762.5,65762.51
800,2024-07-17T11:45:40.000000Z,65762.51,65799.99,65762.51,65787.98
801,2024-07-17T11:46:40.000000Z,65787.98,65800.0,65776.88,65780.99
802,2024-07-17T11:47:40.000000Z,65780.99,65780.99,65725.37,65725.37
803,2024-07-17T11:48:40.000000Z,65725.37,65771.52,65725.37,65735.01
804,2024-07-17T11:49:40.000000Z,65735.01,65787.98,65735.0,65787.98
805,2024-07-17T11:50:40.000000Z,65787.98,65787.98,65744.51,65763.05
806,2024-07-17T11:51:40.000000Z,65763.05,65787.98,65742.76,65776.81
807,2024-07-17T11:52:40.000000Z,65776.81,65825.0,65776.81,65825.0
808,2024-07-17T11:53:40.000000Z,65825.0,65830.0,65822.01,65827.51
809,2024-07-17T11:54:40.000000Z,65827.51,65827.51,65804.0,65809.88
810,2024-07-17T11:55:40.000000Z,65809.88,65812.0,65787.98,65787.98
811,2024-07-17T11:56:40.000000Z,65787.98,65827.5,65787.98,65798.0
812,2024-07-17T11:57:40.000000Z,65798.0,65818.0,65798.0,65816.5
813,2024-07-17T11:58:40.000000Z,65816.5,65830.0,65805.0,65830.0
814,2024-07-17T11:59:40.000000Z,65830.0,65830.0,65829.99,65829.99
815,2024-07-17T12:00:40.000000Z,65829.99,65843.17,65829.99,65843.17
816,2024-07-17T12:01:40.000000Z,65843.17,65846.0,65791.16,65791.16
817,2024-07-17T12:02:40.000000Z,65791.16,65834.86,65776.0,65824.0
818,2024-07-17T12:03:40.000000Z,65824.0,65825.87,65798.0,65806.11
819,2024-07-17T12:04:41.000000Z,65806.11,65806.11,65772.0,65800.98
820,2024-07-17T12:06:41.000000Z,65769.08,65769.08,65742.0,65769.08
821,2024-07-17T12:07:41.000000Z,65769.08,65814.01,65769.07,65814.01
822,2024-07-17T12:08:41.000000Z,65814.01,65847.99,65811.33,65811.34
823,2024-07-17T12:09:41.000000Z,65811.34,65811.34,65800.01,65800.02
824,2024-07-17T12:10:40.000000Z,65800.02,65810.11,65800.01,65805.93
825,2024-07-17T12:11:40.000000Z,65805.93,65805.93,65769.05,65789.52
826,2024-07-17T12:12:40.000000Z,65789.52,65816.79,65789.52,65796.28
827,2024-07-17T12:13:40.000000Z,65796.28,65832.97,65796.0,65832.97
828,2024-07-17T12:14:40.000000Z,65832.97,65864.47,65832.96,65864.47
829,2024-07-17T12:15:40.000000Z,65864.47,65887.54,65850.0,65879.82
830,2024-07-17T12:16:40.000000Z,65879.82,65879.82,65824.51,65871.98
831,2024-07-17T12:17:40.000000Z,65871.98,65888.54,65826.37,65826.37
832,2024-07-17T12:18:40.000000Z,65826.37,65865.0,65826.37,65864.98
833,2024-07-17T12:19:40.000000Z,65864.98,65873.27,65857.97,65866.97
834,2024-07-17T12:20:40.000000Z,65866.97,65888.53,65866.97,65873.4
835,2024-07-17T12:21:40.000000Z,65873.4,65920.76,65850.0,65912.0
836,2024-07-17T12:22:40.000000Z,65912.0,65920.31,65900.0,65903.45
837,2024-07-17T12:23:40.000000Z,65903.45,65925.0,65885.77,65925.0
838,2024-07-17T12:24:40.000000Z,65925.0,65982.0,65925.0,65982.0
839,2024-07-17T12:25:40.000000Z,65982.0,65990.85,65889.04,65924.99
840,2024-07-17T12:26:40.000000Z,65924.99,65944.0,65923.34,65934.47
841,2024-07-17T12:27:40.000000Z,65934.47,65934.47,65900.0,65921.75
842,2024-07-17T12:28:40.000000Z,65921.75,65921.75,65900.0,65900.01
843,2024-07-17T12:29:40.000000Z,65900.01,65931.99,65900.0,65914.0
844,2024-07-17T12:30:40.000000Z,65914.0,65931.9,65866.0,65866.0
845,2024-07-17T12:31:40.000000Z,65866.0,65866.0,65814.01,65814.01
846,2024-07-17T12:32:40.000000Z,65814.01,65844.25,65812.35,65814.6
847,2024-07-17T12:33:40.000000Z,65814.6,65818.0,65762.78,65762.79
848,2024-07-17T12:34:40.000000Z,65762.79,65762.79,65719.15,65755.9
849,2024-07-17T12:35:40.000000Z,65755.9,65820.01,65755.9,65820.01
850,2024-07-17T12:36:40.000000Z,65820.01,65830.0,65759.48,65765.99
851,2024-07-17T12:37:40.000000Z,65765.99,65843.17,65765.99,65843.16
852,2024-07-17T12:38:40.000000Z,65843.16,65849.09,65810.0,65810.01
853,2024-07-17T12:39:40.000000Z,65810.01,65842.92,65810.0,65842.92
854,2024-07-17T12:40:40.000000Z,65842.92,65865.0,65782.37,65782.37
855,2024-07-17T12:41:40.000000Z,65782.37,65795.37,65773.96,65788.0
856,2024-07-17T12:42:40.000000Z,65788.0,65806.81,65788.0,65797.73
857,2024-07-17T12:43:40.000000Z,65797.73,65814.77,65788.6,65796.0
858,2024-07-17T12:44:40.000000Z,65796.0,65796.01,65760.82,65771.09
859,2024-07-17T12:45:40.000000Z,65771.09,65822.29,65771.09,65798.85
860,2024-07-17T12:46:40.000000Z,65798.85,65798.86,65674.01,65716.46
861,2024-07-17T12:47:40.000000Z,65716.46,65716.46,65602.23,65609.31
862,2024-07-17T12:48:40.000000Z,65609.31,65668.01,65600.0,65658.3
863,2024-07-17T12:49:40.000000Z,65658.3,65667.03,65646.26,65667.02
864,2024-07-17T12:50:40.000000Z,65667.02,65667.03,65624.75,65655.99
865,2024-07-17T12:51:40.000000Z,65655.99,65663.93,65614.1,65645.98
866,2024-07-17T12:52:40.000000Z,65645.98,65663.92,65630.39,65630.39
867,2024-07-17T12:53:40.000000Z,65630.39,65644.0,65611.44,65621.5
868,2024-07-17T12:54:40.000000Z,65621.5,65650.0,65602.0,65649.99
869,2024-07-17T12:55:40.000000Z,65649.99,65693.48,65642.57,65693.47
870,2024-07-17T12:56:40.000000Z,65693.47,65720.0,65673.99,65719.34
871,2024-07-17T12:57:40.000000Z,65719.34,65719.34,65676.0,65685.96
872,2024-07-17T12:58:40.000000Z,65685.96,65696.0,65661.99,65661.99
873,2024-07-17T12:59:40.000000Z,65661.99,65663.92,65650.0,65650.0
874,2024-07-17T13:00:40.000000Z,65650.0,65650.01,65617.49,65645.79
875,2024-07-17T13:01:40.000000Z,65645.79,65656.5,65623.72,65633.74
876,2024-07-17T13:02:40.000000Z,65633.74,65670.0,65633.74,65670.0
877,2024-07-17T13:03:40.000000Z,65670.0,65685.96,65630.86,65685.96
878,2024-07-17T13:04:40.000000Z,65685.96,65699.0,65679.01,65698.99
879,2024-07-17T13:05:41.000000Z,65698.99,65725.0,65698.99,65716.48
880,2024-07-17T13:06:41.000000Z,65716.48,65725.0,65684.78,65724.99
881,2024-07-17T13:07:41.000000Z,65724.99,65728.15,65705.07,65713.99
882,2024-07-17T13:08:41.000000Z,65713.99,65724.99,65693.44,65699.99
883,2024-07-17T13:09:40.000000Z,65699.99,65724.98,65698.14,65698.14
884,2024-07-17T13:10:40.000000Z,65698.14,65724.97,65698.14,65724.96
885,2024-07-17T13:11:40.000000Z,65724.96,65750.0,65696.82,65750.0
886,2024-07-17T13:12:40.000000Z,65750.0,65787.99,65750.0,65762.99
887,2024-07-17T13:13:40.000000Z,65762.99,65786.01,65762.99,65782.0
888,2024-07-17T13:14:40.000000Z,65782.0,65790.0,65779.99,65785.78
889,2024-07-17T13:15:40.000000Z,65785.78,65785.78,65738.47,65746.0
890,2024-07-17T13:16:40.000000Z,65746.0,65748.64,65716.0,65720.0
891,2024-07-17T13:17:40.000000Z,65720.0,65732.01,65696.81,65700.0
892,2024-07-17T13:18:40.000000Z,65700.0,65716.0,65679.13,65687.98
893,2024-07-17T13:19:40.000000Z,65687.98,65725.53,65661.56,65694.61
894,2024-07-17T13:20:40.000000Z,65694.61,65694.61,65670.0,65673.18
895,2024-07-17T13:21:40.000000Z,65673.18,65735.25,65668.26,65735.24
896,2024-07-17T13:22:40.000000Z,65735.24,65735.24,65706.67,65722.0
897,2024-07-17T13:23:40.000000Z,65722.0,65722.0,65635.95,65635.95
898,2024-07-17T13:24:40.000000Z,65635.95,65635.95,65603.38,65615.2
899,2024-07-17T13:25:40.000000Z,65615.2,65636.0,65615.2,65633.99
900,2024-07-17T13:26:40.000000Z,65633.99,65633.99,65541.0,65549.99
901,2024-07-17T13:27:40.000000Z,65549.99,65597.0,65531.01,65597.0
902,2024-07-17T13:28:40.000000Z,65597.0,65597.0,65559.31,65566.79
903,2024-07-17T13:29:40.000000Z,65566.79,65581.56,65566.79,65581.54
904,2024-07-17T13:30:40.000000Z,65581.54,65590.0,65550.0,65571.2
905,2024-07-17T13:31:40.000000Z,65571.2,65586.5,65514.18,65522.0
906,2024-07-17T13:32:40.000000Z,65522.0,65537.51,65454.17,65454.17
907,2024-07-17T13:33:40.000000Z,65454.17,65550.0,65454.17,65544.01
908,2024-07-17T13:34:40.000000Z,65544.01,65544.01,65510.0,65510.01
909,2024-07-17T13:35:40.000000Z,65510.01,65546.0,65510.01,65546.0
910,2024-07-17T13:36:40.000000Z,65546.0,65607.67,65545.99,65607.67
911,2024-07-17T13:37:40.000000Z,65607.67,65614.5,65586.0,65613.48
912,2024-07-17T13:38:40.000000Z,65613.48,65617.84,65602.0,65617.84
913,2024-07-17T13:39:40.000000Z,65617.84,65617.84,65588.0,65597.97
914,2024-07-17T13:40:40.000000Z,65597.97,65624.54,65597.97,65624.53
915,2024-07-17T13:41:40.000000Z,65624.53,65630.0,65602.0,65607.09
916,2024-07-17T13:42:40.000000Z,65607.09,65649.5,65607.09,65647.99
917,2024-07-17T13:43:40.000000Z,65647.99,65688.31,65647.33,65670.0
918,2024-07-17T13:44:40.000000Z,65670.0,65692.65,65670.0,65683.35
919,2024-07-17T13:45:40.000000Z,65683.35,65688.69,65676.03,65676.03
920,2024-07-17T13:46:40.000000Z,65676.03,65676.03,65626.68,65626.68
921,2024-07-17T13:47:40.000000Z,65626.68,65626.68,65600.94,65600.95
922,2024-07-17T13:48:40.000000Z,65600.95,65637.65,65600.94,65607.92
923,2024-07-17T13:49:40.000000Z,65607.92,65607.93,65592.68,65592.68
924,2024-07-17T13:50:40.000000Z,65592.68,65629.28,65576.01,65618.21
925,2024-07-17T13:51:40.000000Z,65618.21,65650.01,65601.22,65650.01
926,2024-07-17T13:52:40.000000Z,65650.01,65669.99,65648.01,65648.02
927,2024-07-17T13:53:40.000000Z,65648.02,65648.02,65611.43,65611.44
928,2024-07-17T13:54:40.000000Z,65611.44,65637.23,65611.43,65637.22
929,2024-07-17T13:55:40.000000Z,65637.22,65637.23,65600.01,65602.0
930,2024-07-17T13:56:40.000000Z,65602.0,65604.0,65575.86,65603.99
931,2024-07-17T13:57:40.000000Z,65603.99,65603.99,65588.49,65588.49
932,2024-07-17T13:58:40.000000Z,65588.49,65605.0,65588.49,65604.99
933,2024-07-17T13:59:40.000000Z,65604.99,65609.64,65588.5,65588.5
934,2024-07-17T14:00:40.000000Z,65588.5,65588.5,65550.0,65550.0
935,2024-07-17T14:01:40.000000Z,65550.0,65550.01,65505.0,65524.01
936,2024-07-17T14:02:40.000000Z,65524.01,65561.2,65524.01,65530.0
937,2024-07-17T14:03:40.000000Z,65530.0,65530.01,65477.42,65477.42
938,2024-07-17T14:04:40.000000Z,65477.42,65524.79,65463.6,65492.01
939,2024-07-17T14:05:40.000000Z,65492.01,65502.0,65467.99,65491.069
940,2024-07-17T14:06:40.000000Z,65491.069,65542.2,65491.069,65542.19
941,2024-07-17T14:07:41.000000Z,65542.19,65550.0,65506.0,65541.332
942,2024-07-17T14:08:41.000000Z,65541.332,65572.0,65541.332,65546.09
943,2024-07-17T14:09:41.000000Z,65546.09,65558.0,65532.0,65557.99
944,2024-07-17T14:10:41.000000Z,65557.99,65558.0,65532.0,65532.0
945,2024-07-17T14:11:41.000000Z,65532.0,65569.0,65532.0,65569.0
946,2024-07-17T14:12:40.000000Z,65569.0,65574.0,65500.0,65507.87
947,2024-07-17T14:13:40.000000Z,65507.87,65512.0,65495.94,65495.94
948,2024-07-17T14:14:40.000000Z,65495.94,65507.99,65480.01,65480.01
949,2024-07-17T14:15:40.000000Z,65480.01,65485.3,65468.0,65482.799
950,2024-07-17T14:16:40.000000Z,65482.799,65482.799,65424.19,65448.0
951,2024-07-17T14:17:40.000000Z,65448.0,65510.0,65448.0,65509.99
952,2024-07-17T14:18:40.000000Z,65509.99,65537.5,65438.71,65438.71
953,2024-07-17T14:19:40.000000Z,65438.71,65442.02,65400.0,65400.0
954,2024-07-17T14:20:40.000000Z,65400.0,65401.82,65300.0,65338.51
955,2024-07-17T14:21:40.000000Z,65338.51,65399.96,65338.51,65389.99
956,2024-07-17T14:22:40.000000Z,65389.99,65419.67,65333.21,65337.99
957,2024-07-17T14:23:40.000000Z,65337.99,65350.0,65330.0,65349.99
958,2024-07-17T14:24:40.000000Z,65349.99,65413.7,65338.68,65410.0
959,2024-07-17T14:25:40.000000Z,65410.0,65487.56,65410.0,65487.56
960,2024-07-17T14:26:40.000000Z,65487.56,65499.99,65395.2,65395.2
961,2024-07-17T14:27:40.000000Z,65395.2,65400.0,65395.0,65395.0
962,2024-07-17T14:28:40.000000Z,65395.0,65400.0,65366.36,65399.99
963,2024-07-17T14:29:40.000000Z,65399.99,65399.99,65366.37,65368.75
964,2024-07-17T14:30:40.000000Z,65368.75,65427.6,65368.74,65378.0
965,2024-07-17T14:31:40.000000Z,65378.0,65378.01,65260.82,65260.82
966,2024-07-17T14:32:40.000000Z,65260.82,65310.79,65219.69,65219.69
967,2024-07-17T14:33:40.000000Z,65219.69,65295.29,65198.62,65295.29
968,2024-07-17T14:34:40.000000Z,65295.29,65335.05,65288.01,65312.01
969,2024-07-17T14:35:40.000000Z,65312.01,65312.01,65268.0,65279.99
970,2024-07-17T14:36:40.000000Z,65279.99,65280.0,65230.0,65232.29
971,2024-07-17T14:37:40.000000Z,65232.29,65248.94,65208.0,65248.93
972,2024-07-17T14:38:40.000000Z,65248.93,65323.0,65241.99,65323.0
973,2024-07-17T14:39:40.000000Z,65323.0,65360.29,65304.0,65320.12
974,2024-07-17T14:40:40.000000Z,65320.12,65381.56,65320.12,65376.01
975,2024-07-17T14:41:40.000000Z,65376.01,65388.73,65341.5,65363.99
976,2024-07-17T14:42:40.000000Z,65363.99,65374.76,65307.11,65320.1
977,2024-07-17T14:43:40.000000Z,65320.1,65338.43,65316.0,65337.99
978,2024-07-17T14:44:40.000000Z,65337.99,65363.89,65330.55,65330.55
979,2024-07-17T14:45:40.000000Z,65330.55,65334.5,65316.0,65334.5
980,2024-07-17T14:46:40.000000Z,65334.5,65372.87,65324.0,65324.01
981,2024-07-17T14:47:40.000000Z,65324.01,65338.0,65310.01,65310.01
982,2024-07-17T14:48:40.000000Z,65310.01,65320.0,65300.0,65312.7
983,2024-07-17T14:49:40.000000Z,65312.7,65369.34,65312.7,65362.61
984,2024-07-17T14:50:40.000000Z,65362.61,65400.0,65362.61,65388.75
985,2024-07-17T14:51:40.000000Z,65388.75,65398.63,65378.0,65378.0
986,2024-07-17T14:52:40.000000Z,65378.0,65378.0,65322.21,65364.32
987,2024-07-17T14:53:40.000000Z,65364.32,65364.32,65308.71,65308.71
988,2024-07-17T14:54:40.000000Z,65308.71,65308.72,65256.7,65256.7
989,2024-07-17T14:55:40.000000Z,65256.7,65268.0,65232.0,65268.0
990,2024-07-17T14:56:40.000000Z,65268.0,65296.0,65268.0,65290.82
991,2024-07-17T14:57:40.000000Z,65290.82,65304.0,65263.3,65283.33
992,2024-07-17T14:58:40.000000Z,65283.33,65295.19,65283.33,65284.0
993,2024-07-17T14:59:40.000000Z,65284.0,65304.0,65262.0,65268.02
994,2024-07-17T15:00:40.000000Z,65268.02,65300.65,65253.11,65291.96
995,2024-07-17T15:01:40.000000Z,65291.96,65311.24,65270.0,65311.24
996,2024-07-17T15:02:40.000000Z,65311.24,65336.9,65274.0,65274.0
997,2024-07-17T15:03:40.000000Z,65274.0,65311.22,65268.03,65283.99
998,2024-07-17T15:04:40.000000Z,65283.99,65308.83,65268.02,65308.83
999,2024-07-17T15:05:40.000000Z,65308.83,65343.6,65308.83,65339.99
1000,2024-07-17T15:06:40.000000Z,65339.99,65345.7,65262.01,65262.01
1001,2024-07-17T15:07:40.000000Z,65262.01,65272.16,65057.16,65122.02
1002,2024-07-17T15:08:40.000000Z,65122.02,65188.55,65104.0,65172.0
1003,2024-07-17T15:09:40.000000Z,65172.0,65180.2,65116.64,65180.2
1004,2024-07-17T15:10:40.000000Z,65180.2,65180.2,65135.25,65175.0
1005,2024-07-17T15:11:40.000000Z,65175.0,65181.16,65140.01,65140.01
1006,2024-07-17T15:12:40.000000Z,65140.01,65189.26,65123.27,65189.26
1007,2024-07-17T15:13:40.000000Z,65189.26,65197.92,65073.95,65073.95
1008,2024-07-17T15:14:40.000000Z,65073.95,65106.99,65072.0,65088.0
1009,2024-07-17T15:15:40.000000Z,65088.0,65092.0,65050.0,65050.01
1010,2024-07-17T15:16:40.000000Z,65050.01,65102.63,65050.01,65054.64
1011,2024-07-17T15:17:40.000000Z,65054.64,65069.12,65040.42,65044.0
1012,2024-07-17T15:18:40.000000Z,65044.0,65044.0,64960.69,64968.0
1013,2024-07-17T15:19:40.000000Z,64968.0,64987.0,64876.91,64901.99
1014,2024-07-17T15:20:40.000000Z,64901.99,65013.29,64894.0,65010.01
1015,2024-07-17T15:21:40.000000Z,65010.01,65017.96,64916.32,64939.98
1016,2024-07-17T15:22:40.000000Z,64939.98,64954.61,64807.49,64889.58
1017,2024-07-17T15:23:40.000000Z,64889.58,65094.89,64889.58,65094.89
1018,2024-07-17T15:24:40.000000Z,65094.89,65161.13,65084.0,65110.01
1019,2024-07-17T15:25:40.000000Z,65110.01,65148.0,65032.93,65100.0
1020,2024-07-17T15:26:40.000000Z,65100.0,65174.57,65076.93,65174.57
1021,2024-07-17T15:27:40.000000Z,65174.57,65185.6,65140.01,65185.6
1022,2024-07-17T15:28:40.000000Z,65185.6,65205.48,65160.0,65187.72
1023,2024-07-17T15:29:40.000000Z,65187.72,65279.62,65187.72,65279.62
1024,2024-07-17T15:30:40.000000Z,65279.62,65374.99,65279.61,65374.99
1025,2024-07-17T15:31:40.000000Z,65374.99,65412.95,65351.02,65406.56
1026,2024-07-17T15:32:40.000000Z,65406.56,65417.18,65358.33,65390.1
1027,2024-07-17T15:33:41.000000Z,65390.1,65391.96,65354.28,65390.1
1028,2024-07-17T15:34:41.000000Z,65390.1,65400.0,65370.14,65400.0
1029,2024-07-17T15:35:41.000000Z,65400.0,65477.54,65390.0,65455.36
1030,2024-07-17T15:36:40.000000Z,65455.36,65468.45,65398.59,65398.6
1031,2024-07-17T15:37:40.000000Z,65398.6,65418.58,65349.48,65368.0
1032,2024-07-17T15:38:40.000000Z,65368.0,65394.54,65364.02,65384.0
1033,2024-07-17T15:39:40.000000Z,65384.0,65407.98,65374.06,65374.11
1034,2024-07-17T15:40:40.000000Z,65374.11,65397.99,65367.37,65367.38
1035,2024-07-17T15:41:40.000000Z,65367.38,65367.38,65246.0,65246.0
1036,2024-07-17T15:42:40.000000Z,65246.0,65258.88,65155.0,65168.0
1037,2024-07-17T15:43:40.000000Z,65168.0,65201.32,65143.52,65180.51
1038,2024-07-17T15:44:40.000000Z,65180.51,65200.0,65166.01,65200.0
1039,2024-07-17T15:45:40.000000Z,65200.0,65254.69,65200.0,65246.01
1040,2024-07-17T15:46:40.000000Z,65246.01,65316.75,65240.0,65316.75
1041,2024-07-17T15:47:40.000000Z,65316.75,65375.0,65316.75,65350.01
1042,2024-07-17T15:48:40.000000Z,65350.01,65350.01,65262.0,65304.71
1043,2024-07-17T15:49:40.000000Z,65304.71,65304.71,65267.9,65272.27
1044,2024-07-17T15:50:40.000000Z,65272.27,65320.0,65264.0,65264.01
1045,2024-07-17T15:51:40.000000Z,65264.01,65264.01,65208.0,65221.99
1046,2024-07-17T15:52:40.000000Z,65221.99,65222.0,65188.11,65188.11
1047,2024-07-17T15:53:40.000000Z,65188.11,65193.88,65168.0,65190.27
1048,2024-07-17T15:54:40.000000Z,65190.27,65216.24,65184.0,65216.24
1049,2024-07-17T15:55:40.000000Z,65216.24,65269.93,65192.14,65192.14
1050,2024-07-17T15:56:40.000000Z,65192.14,65201.99,65183.49,65186.0
1051,2024-07-17T15:57:40.000000Z,65186.0,65208.0,65180.0,65208.0
1052,2024-07-17T15:58:40.000000Z,65208.0,65213.73,65200.0,65200.01
1053,2024-07-17T15:59:40.000000Z,65200.01,65212.0,65178.0,65179.11
1054,2024-07-17T16:00:40.000000Z,65179.11,65186.0,65156.01,65156.01
1055,2024-07-17T16:01:40.000000Z,65156.01,65174.08,65156.01,65158.0
1056,2024-07-17T16:02:40.000000Z,65158.0,65158.01,65086.12,65086.13
1057,2024-07-17T16:03:40.000000Z,65086.13,65137.99,65086.12,65092.37
1058,2024-07-17T16:04:40.000000Z,65092.37,65136.06,65092.37,65136.05
1059,2024-07-17T16:05:40.000000Z,65136.05,65136.07,65089.05,65096.0
1060,2024-07-17T16:06:40.000000Z,65096.0,65132.24,65078.0,65132.24
1061,2024-07-17T16:07:40.000000Z,65132.24,65151.97,65110.27,65151.97
1062,2024-07-17T16:08:40.000000Z,65151.97,65220.85,65151.96,65196.01
1063,2024-07-17T16:09:40.000000Z,65196.01,65241.35,65176.01,65241.34
1064,2024-07-17T16:10:40.000000Z,65241.34,65272.38,65240.0,65254.01
1065,2024-07-17T16:11:40.000000Z,65254.01,65353.8,65254.01,65353.8
1066,2024-07-17T16:12:40.000000Z,65353.8,65375.0,65353.8,65366.01
1067,2024-07-17T16:13:40.000000Z,65366.01,65366.01,65284.99,65332.99
1068,2024-07-17T16:14:40.000000Z,65332.99,65337.7,65324.0,65331.99
1069,2024-07-17T16:15:40.000000Z,65331.99,65365.92,65331.99,65333.44
1070,2024-07-17T16:16:40.000000Z,65333.44,65342.87,65329.69,65334.59
1071,2024-07-17T16:17:40.000000Z,65334.59,65334.59,65305.91,65310.93
1072,2024-07-17T16:18:41.000000Z,65310.93,65334.0,65304.19,65304.19
1073,2024-07-17T16:19:40.000000Z,65304.19,65331.45,65300.0,65316.38
1074,2024-07-17T16:20:40.000000Z,65316.38,65332.13,65306.0,65332.13
1075,2024-07-17T16:21:40.000000Z,65332.13,65440.0,65332.13,65440.0
1076,2024-07-17T16:22:40.000000Z,65440.0,65450.0,65424.71,65424.71
1077,2024-07-17T16:23:40.000000Z,65424.71,65494.33,65413.96,65474.0
1078,2024-07-17T16:24:40.000000Z,65474.0,65494.0,65453.88,65453.88
1079,2024-07-17T16:25:40.000000Z,65453.88,65500.0,65453.88,65468.01
1080,2024-07-17T16:26:40.000000Z,65468.01,65470.51,65436.72,65436.72
1081,2024-07-17T16:27:40.000000Z,65436.72,65448.62,65400.0,65400.0
1082,2024-07-17T16:28:40.000000Z,65400.0,65402.0,65391.92,65391.92
1083,2024-07-17T16:29:40.000000Z,65391.92,65424.0,65388.0,65396.02
1084,2024-07-17T16:30:40.000000Z,65396.02,65396.02,65321.51,65321.51
1085,2024-07-17T16:31:40.000000Z,65321.51,65326.0,65300.38,65308.73
1086,2024-07-17T16:32:40.000000Z,65308.73,65308.73,65272.0,65299.99
1087,2024-07-17T16:33:40.000000Z,65299.99,65354.95,65299.99,65354.94
1088,2024-07-17T16:34:40.000000Z,65354.94,65438.0,65354.94,65404.01
1089,2024-07-17T16:35:40.000000Z,65404.01,65404.01,65308.42,65313.99
1090,2024-07-17T16:36:40.000000Z,65313.99,65316.75,65282.9,65282.9
1091,2024-07-17T16:37:40.000000Z,65282.9,65308.98,65282.9,65294.28
1092,2024-07-17T16:38:40.000000Z,65294.28,65341.67,65294.27,65341.66
1093,2024-07-17T16:39:40.000000Z,65341.66,65358.03,65309.48,65339.554
1094,2024-07-17T16:40:40.000000Z,65339.554,65401.99,65339.554,65401.99
1095,2024-07-17T16:41:40.000000Z,65401.99,65415.94,65384.0,65384.0
1096,2024-07-17T16:42:40.000000Z,65384.0,65384.0,65358.0,65359.99
1097,2024-07-17T16:43:40.000000Z,65359.99,65374.0,65356.83,65366.0
1098,2024-07-17T16:44:40.000000Z,65366.0,65366.0,65353.49,65353.5
1099,2024-07-17T16:45:40.000000Z,65353.5,65366.01,65295.27,65295.28
1100,2024-07-17T16:46:40.000000Z,65295.28,65328.0,65281.35,65328.0
1101,2024-07-17T16:47:40.000000Z,65328.0,65328.0,65306.01,65307.82
1102,2024-07-17T16:48:40.000000Z,65307.82,65307.82,65253.62,65253.63
1103,2024-07-17T16:49:40.000000Z,65253.63,65280.0,65253.63,65268.4
1104,2024-07-17T16:50:40.000000Z,65268.4,65280.0,65257.76,65272.0
1105,2024-07-17T16:51:40.000000Z,65272.0,65284.0,65272.0,65284.0
1106,2024-07-17T16:52:40.000000Z,65284.0,65336.01,65284.0,65322.01
1107,2024-07-17T16:53:40.000000Z,65322.01,65322.01,65299.09,65303.78
1108,2024-07-17T16:54:40.000000Z,65303.78,65311.99,65300.78,65300.79
1109,2024-07-17T16:55:40.000000Z,65300.79,65325.99,65296.01,65325.99
1110,2024-07-17T16:56:47.000000Z,65325.99,65353.07,65320.0,65320.01
1111,2024-07-17T16:57:40.000000Z,65320.01,65330.02,65317.65,65318.589
1112,2024-07-17T16:58:40.000000Z,65318.589,65338.0,65318.589,65320.74
1113,2024-07-17T16:59:41.000000Z,65320.74,65358.4,65318.769,65318.769
1114,2024-07-17T17:00:41.000000Z,65318.769,65331.99,65296.21,65296.21
1115,2024-07-17T17:01:41.000000Z,65296.21,65296.21,65214.2,65231.99
1116,2024-07-17T17:02:41.000000Z,65231.99,65280.42,65231.99,65252.0
1117,2024-07-17T17:03:41.000000Z,65252.0,65262.0,65211.0,65211.0
1118,2024-07-17T17:04:41.000000Z,65211.0,65227.99,65201.49,65202.0
1119,2024-07-17T17:05:41.000000Z,65202.0,65202.0,65151.97,65188.0
1120,2024-07-17T17:06:40.000000Z,65188.0,65222.68,65187.99,65214.5
1121,2024-07-17T17:07:40.000000Z,65214.5,65252.0,65214.49,65248.21
1122,2024-07-17T17:08:40.000000Z,65248.21,65248.21,65210.16,65210.16
1123,2024-07-17T17:09:40.000000Z,65210.16,65246.0,65210.16,65238.0
1124,2024-07-17T17:10:40.000000Z,65238.0,65258.09,65225.41,65258.09
1125,2024-07-17T17:11:40.000000Z,65258.09,65271.5,65234.57,65234.57
1126,2024-07-17T17:12:40.000000Z,65234.57,65271.5,65234.57,65271.5
1127,2024-07-17T17:13:40.000000Z,65271.5,65280.0,65252.0,65252.0
1128,2024-07-17T17:14:40.000000Z,65252.0,65252.01,65227.0,65231.42
1129,2024-07-17T17:15:40.000000Z,65231.42,65258.0,65227.84,65227.84
1130,2024-07-17T17:16:40.000000Z,65227.84,65227.84,65144.0,65144.0
1131,2024-07-17T17:17:40.000000Z,65144.0,65168.0,65144.0,65150.1
1132,2024-07-17T17:18:40.000000Z,65150.1,65158.0,65136.0,65158.0
1133,2024-07-17T17:19:40.000000Z,65158.0,65192.0,65157.99,65192.0
1134,2024-07-17T17:20:40.000000Z,65192.0,65192.0,65138.0,65138.0
1135,2024-07-17T17:21:40.000000Z,65138.0,65164.0,65138.0,65161.99
1136,2024-07-17T17:22:40.000000Z,65161.99,65174.0,65118.0,65118.0
1137,2024-07-17T17:23:40.000000Z,65118.0,65141.29,65106.0,65141.29
1138,2024-07-17T17:24:40.000000Z,65141.29,65177.99,65141.28,65177.99
1139,2024-07-17T17:25:40.000000Z,65177.99,65184.17,65154.0,65154.0
1140,2024-07-17T17:26:40.000000Z,65154.0,65224.0,65150.15,65216.0
1141,2024-07-17T17:27:40.000000Z,65216.0,65241.13,65206.7,65206.7
1142,2024-07-17T17:28:40.000000Z,65206.7,65287.42,65206.7,65287.42
1143,2024-07-17T17:29:40.000000Z,65287.42,65312.21,65287.42,65312.21
1144,2024-07-17T17:30:40.000000Z,65312.21,65329.2,65286.11,65318.01
1145,2024-07-17T17:31:40.000000Z,65318.01,65320.0,65286.12,65308.82
1146,2024-07-17T17:32:40.000000Z,65308.82,65308.82,65275.7,65275.7
1147,2024-07-17T17:33:40.000000Z,65275.7,65275.7,65200.0,65200.0
1148,2024-07-17T17:34:40.000000Z,65200.0,65212.0,65200.0,65207.19
1149,2024-07-17T17:35:40.000000Z,65207.19,65215.12,65168.06,65181.95
1150,2024-07-17T17:36:40.000000Z,65181.95,65225.95,65170.0,65208.0
1151,2024-07-17T17:37:40.000000Z,65208.0,65246.0,65208.0,65216.81
1152,2024-07-17T17:38:40.000000Z,65216.81,65241.24,65216.81,65216.82
1153,2024-07-17T17:39:40.000000Z,65216.82,65239.99,65216.81,65216.88
1154,2024-07-17T17:40:40.000000Z,65216.88,65290.0,65216.88,65290.0
1155,2024-07-17T17:41:40.000000Z,65290.0,65313.76,65272.18,65296.0
1156,2024-07-17T17:42:40.000000Z,65296.0,65296.01,65278.51,65278.52
1157,2024-07-17T17:43:40.000000Z,65278.52,65309.4,65278.51,65309.4
1158,2024-07-17T17:44:40.000000Z,65309.4,65329.03,65293.21,65309.99
1159,2024-07-17T17:45:40.000000Z,65309.99,65318.0,65278.25,65317.99
1160,2024-07-17T17:46:40.000000Z,65317.99,65345.7,65304.59,65345.7
1161,2024-07-17T17:47:40.000000Z,65345.7,65355.9,65333.86,65333.86
1162,2024-07-17T17:48:40.000000Z,65333.86,65333.86,65234.34,65234.34
1163,2024-07-17T17:49:40.000000Z,65234.34,65234.35,65150.0,65151.3
1164,2024-07-17T17:50:40.000000Z,65151.3,65175.0,65136.6,65152.411
1165,2024-07-17T17:51:40.000000Z,65152.411,65167.9,65136.54,65142.06
1166,2024-07-17T17:52:40.000000Z,65142.06,65144.77,65132.92,65136.0
1167,2024-07-17T17:53:40.000000Z,65136.0,65144.0,65135.99,65138.01
1168,2024-07-17T17:54:40.000000Z,65138.01,65138.01,65100.5,65100.5
1169,2024-07-17T17:55:40.000000Z,65100.5,65100.51,65100.39,65100.39
1170,2024-07-17T17:56:40.000000Z,65100.39,65134.0,65100.39,65125.53
1171,2024-07-17T17:57:40.000000Z,65125.53,65125.53,65105.74,65105.74
1172,2024-07-17T17:58:40.000000Z,65105.74,65105.74,65100.0,65104.58
1173,2024-07-17T17:59:40.000000Z,65104.58,65137.99,65104.57,65137.99
1174,2024-07-17T18:00:40.000000Z,65137.99,65144.76,65120.01,65132.0
1175,2024-07-17T18:01:40.000000Z,65132.0,65136.53,65077.52,65077.71
1176,2024-07-17T18:02:41.000000Z,65077.71,65095.38,65066.67,65068.04
1177,2024-07-17T18:03:40.000000Z,65068.04,65075.49,64999.99,65072.94
1178,2024-07-17T18:04:40.000000Z,65072.94,65125.46,65072.07,65117.48
1179,2024-07-17T18:05:41.000000Z,65117.48,65117.48,64955.01,64955.01
1180,2024-07-17T18:06:41.000000Z,64955.01,64972.08,64889.89,64926.01
1181,2024-07-17T18:07:41.000000Z,64926.01,64968.09,64926.0,64966.95
1182,2024-07-17T18:08:41.000000Z,64966.95,65020.0,64940.23,65015.32
1183,2024-07-17T18:09:40.000000Z,65015.32,65015.32,64961.01,64978.74
1184,2024-07-17T18:10:40.000000Z,64978.74,64992.0,64969.32,64974.86
1185,2024-07-17T18:11:40.000000Z,64974.86,64983.99,64926.95,64946.0
1186,2024-07-17T18:12:40.000000Z,64946.0,64955.5,64932.06,64932.07
1187,2024-07-17T18:13:40.000000Z,64932.07,64936.0,64892.0,64910.02
1188,2024-07-17T18:14:40.000000Z,64910.02,64972.99,64896.8,64958.72
1189,2024-07-17T18:15:40.000000Z,64958.72,64974.27,64909.0,64974.27
1190,2024-07-17T18:16:40.000000Z,64974.27,64974.27,64858.0,64861.79
1191,2024-07-17T18:17:40.000000Z,64861.79,64869.99,64763.08,64763.08
1192,2024-07-17T18:18:40.000000Z,64763.08,64851.47,64721.42,64838.0
1193,2024-07-17T18:19:40.000000Z,64838.0,64872.43,64820.67,64836.208
1194,2024-07-17T18:20:40.000000Z,64836.208,64862.34,64822.01,64859.74
1195,2024-07-17T18:21:40.000000Z,64859.74,64882.71,64826.1,64868.73
1196,2024-07-17T18:22:40.000000Z,64868.73,64947.98,64868.73,64947.98
1197,2024-07-17T18:23:40.000000Z,64947.98,64976.73,64935.51,64946.277
1198,2024-07-17T18:24:40.000000Z,64946.277,65031.99,64946.277,65007.99
1199,2024-07-17T18:25:40.000000Z,65007.99,65049.34,65000.0,65049.34
1200,2024-07-17T18:26:40.000000Z,65049.34,65068.3,65020.0,65020.0
1201,2024-07-17T18:27:40.000000Z,65020.0,65020.0,64909.09,64911.96
1202,2024-07-17T18:28:40.000000Z,64911.96,64925.98,64840.0,64849.44
1203,2024-07-17T18:29:40.000000Z,64849.44,64890.85,64840.01,64882.61
1204,2024-07-17T18:30:40.000000Z,64882.61,64903.39,64853.99,64853.99
1205,2024-07-17T18:31:40.000000Z,64853.99,64853.99,64807.83,64813.99
1206,2024-07-17T18:32:40.000000Z,64813.99,64824.29,64800.0,64802.97
1207,2024-07-17T18:33:40.000000Z,64802.97,64802.97,64740.0,64748.17
1208,2024-07-17T18:34:40.000000Z,64748.17,64799.75,64736.01,64743.99
1209,2024-07-17T18:35:40.000000Z,64743.99,64743.99,64657.83,64660.01
1210,2024-07-17T18:36:40.000000Z,64660.01,64688.0,64613.6,64638.0
1211,2024-07-17T18:37:40.000000Z,64638.0,64685.31,64620.0,64641.61
1212,2024-07-17T18:38:40.000000Z,64641.61,64641.61,64600.0,64623.99
1213,2024-07-17T18:39:40.000000Z,64623.99,64682.75,64608.0,64682.75
1214,2024-07-17T18:40:40.000000Z,64682.75,64717.49,64600.01,64602.0
1215,2024-07-17T18:41:40.000000Z,64602.0,64616.84,64565.34,64609.99
1216,2024-07-17T18:42:40.000000Z,64609.99,64726.33,64604.0,64726.33
1217,2024-07-17T18:43:40.000000Z,64726.33,64800.0,64701.99,64800.0
1218,2024-07-17T18:44:40.000000Z,64800.0,64815.86,64673.5,64741.79
1219,2024-07-17T18:45:40.000000Z,64741.79,64759.48,64677.35,64710.67
1220,2024-07-17T18:46:40.000000Z,64710.67,64747.9,64710.67,64747.9
1221,2024-07-17T18:47:40.000000Z,64747.9,64774.0,64710.66,64774.0
1222,2024-07-17T18:48:41.000000Z,64774.0,64799.79,64726.74,64753.97
1223,2024-07-17T18:49:41.000000Z,64753.97,64780.0,64747.24,64779.99
1224,2024-07-17T18:50:41.000000Z,64779.99,64801.0,64751.51,64751.52
1225,2024-07-17T18:51:41.000000Z,64751.52,64777.02,64731.57,64732.58
1226,2024-07-17T18:52:40.000000Z,64732.58,64770.9,64730.0,64730.46
1227,2024-07-17T18:53:40.000000Z,64730.46,64739.99,64654.12,64668.0
1228,2024-07-17T18:54:40.000000Z,64668.0,64721.0,64668.0,64716.0
1229,2024-07-17T18:55:40.000000Z,64716.0,64760.0,64704.04,64751.13
1230,2024-07-17T18:56:40.000000Z,64751.13,64770.89,64701.42,64724.0
1231,2024-07-17T18:57:40.000000Z,64724.0,64726.88,64645.24,64648.92
1232,2024-07-17T18:58:40.000000Z,64648.92,64704.0,64641.6,64703.99
1233,2024-07-17T18:59:40.000000Z,64703.99,64718.56,64694.53,64694.53
1234,2024-07-17T19:00:40.000000Z,64694.53,64729.29,64664.08,64729.29
1235,2024-07-17T19:01:40.000000Z,64729.29,64734.0,64684.43,64686.27
1236,2024-07-17T19:02:40.000000Z,64686.27,64776.35,64652.0,64776.35
1237,2024-07-17T19:03:40.000000Z,64776.35,64824.39,64776.35,64824.39
1238,2024-07-17T19:04:40.000000Z,64824.39,64825.24,64755.5,64755.5
1239,2024-07-17T19:05:40.000000Z,64755.5,64770.0,64630.59,64632.0
1240,2024-07-17T19:06:40.000000Z,64632.0,64632.0,64581.04,64581.04
1241,2024-07-17T19:07:40.000000Z,64581.04,64608.7,64571.91,64607.99
1242,2024-07-17T19:08:40.000000Z,64607.99,64677.28,64607.99,64672.01
1243,2024-07-17T19:09:40.000000Z,64672.01,64840.0,64672.01,64827.88
1244,2024-07-17T19:10:40.000000Z,64827.88,64887.17,64804.0,64856.01
1245,2024-07-17T19:11:40.000000Z,64856.01,64864.66,64812.0,64824.0
1246,2024-07-17T19:12:40.000000Z,64824.0,64848.59,64815.95,64817.13
1247,2024-07-17T19:13:40.000000Z,64817.13,64823.45,64794.89,64823.45
1248,2024-07-17T19:14:40.000000Z,64823.45,64823.45,64799.31,64806.43
1249,2024-07-17T19:15:40.000000Z,64806.43,64826.88,64794.9,64826.88
1250,2024-07-17T19:16:40.000000Z,64826.88,64888.0,64826.88,64880.02
1251,2024-07-17T19:17:40.000000Z,64880.02,64902.0,64872.5,64884.39
1252,2024-07-17T19:18:40.000000Z,64884.39,64899.99,64815.41,64899.99
1253,2024-07-17T19:19:40.000000Z,64899.99,64899.99,64853.02,64853.03
1254,2024-07-17T19:20:40.000000Z,64853.03,64869.15,64824.0,64869.15
1255,2024-07-17T19:21:40.000000Z,64869.15,64890.0,64856.17,64883.01
1256,2024-07-17T19:22:40.000000Z,64883.01,64883.01,64836.01,64836.01
1257,2024-07-17T19:23:40.000000Z,64836.01,64848.49,64830.95,64834.87
1258,2024-07-17T19:24:40.000000Z,64834.87,64846.28,64824.19,64830.46
1259,2024-07-17T19:25:40.000000Z,64830.46,64830.46,64805.93,64805.93
1260,2024-07-17T19:26:40.000000Z,64805.93,64828.89,64805.49,64820.01
1261,2024-07-17T19:27:40.000000Z,64820.01,64843.59,64810.0,64822.0
1262,2024-07-17T19:28:40.000000Z,64822.0,64826.0,64814.0,64826.0
1263,2024-07-17T19:29:40.000000Z,64826.0,64833.99,64802.88,64802.88
1264,2024-07-17T19:30:40.000000Z,64802.88,64870.0,64792.0,64870.0
1265,2024-07-17T19:31:41.000000Z,64870.0,64892.02,64832.0,64859.56
1266,2024-07-17T19:32:41.000000Z,64859.56,64861.98,64810.15,64815.62
1267,2024-07-17T19:33:41.000000Z,64815.62,64833.45,64814.0,64821.99
1268,2024-07-17T19:34:41.000000Z,64821.99,64910.84,64821.99,64896.72
1269,2024-07-17T19:35:41.000000Z,64896.72,64985.0,64896.72,64972.0
1270,2024-07-17T19:36:41.000000Z,64972.0,65014.0,64913.6,64913.6
1271,2024-07-17T19:37:40.000000Z,64913.6,64913.6,64850.16,64865.71
1272,2024-07-17T19:38:40.000000Z,64865.71,64904.4,64860.0,64884.0
1273,2024-07-17T19:39:40.000000Z,64884.0,64889.99,64836.0,64856.71
1274,2024-07-17T19:40:40.000000Z,64856.71,64876.0,64838.17,64874.0
1275,2024-07-17T19:41:40.000000Z,64874.0,64874.0,64790.0,64790.0
1276,2024-07-17T19:42:40.000000Z,64790.0,64790.01,64692.79,64738.01
1277,2024-07-17T19:43:40.000000Z,64738.01,64757.99,64703.43,64753.5
1278,2024-07-17T19:44:40.000000Z,64753.5,64770.0,64741.04,64743.99
1279,2024-07-17T19:45:40.000000Z,64743.99,64797.15,64743.99,64776.74
1280,2024-07-17T19:46:40.000000Z,64776.74,64776.74,64720.01,64764.0
1281,2024-07-17T19:47:40.000000Z,64764.0,64806.73,64746.75,64806.73
1282,2024-07-17T19:48:40.000000Z,64806.73,64816.59,64800.0,64813.03
1283,2024-07-17T19:49:40.000000Z,64813.03,64818.0,64806.0,64814.31
1284,2024-07-17T19:50:40.000000Z,64814.31,64815.35,64750.66,64784.73
1285,2024-07-17T19:51:40.000000Z,64784.73,64786.56,64753.29,64772.98
1286,2024-07-17T19:52:40.000000Z,64772.98,64843.72,64772.98,64818.69
1287,2024-07-17T19:53:40.000000Z,64818.69,64850.53,64776.68,64776.68
1288,2024-07-17T19:54:40.000000Z,64776.68,64776.68,64736.16,64738.0
1289,2024-07-17T19:55:40.000000Z,64738.0,64766.44,64706.39,64766.43
1290,2024-07-17T19:56:40.000000Z,64766.43,64786.0,64730.73,64730.74
1291,2024-07-17T19:57:40.000000Z,64730.74,64730.74,64708.0,64722.01
1292,2024-07-17T19:58:40.000000Z,64722.01,64727.92,64696.96,64721.99
1293,2024-07-17T19:59:40.000000Z,64721.99,64730.73,64720.92,64720.92
1294,2024-07-17T20:00:40.000000Z,64720.92,64739.5,64720.92,64739.5
1295,2024-07-17T20:01:40.000000Z,64739.5,64772.02,64720.0,64769.78
1296,2024-07-17T20:02:40.000000Z,64769.78,64828.71,64769.78,64828.7
1297,2024-07-17T20:03:40.000000Z,64828.7,64858.48,64814.09,64858.48
1298,2024-07-17T20:04:40.000000Z,64858.48,64907.99,64858.48,64899.0
1299,2024-07-17T20:05:40.000000Z,64899.0,64917.47,64885.0,64914.23
1300,2024-07-17T20:06:40.000000Z,64914.23,64956.22,64900.0,64945.59
1301,2024-07-17T20:07:40.000000Z,64945.59,64945.59,64868.26,64868.26
1302,2024-07-17T20:08:40.000000Z,64868.26,64928.0,64868.26,64884.95
1303,2024-07-17T20:09:40.000000Z,64884.95,64884.95,64844.03,64858.63
1304,2024-07-17T20:10:40.000000Z,64858.63,64876.01,64849.16,64863.77
1305,2024-07-17T20:11:40.000000Z,64863.77,64872.0,64838.36,64871.99
1306,2024-07-17T20:12:41.000000Z,64871.99,64872.0,64838.37,64838.38
1307,2024-07-17T20:13:41.000000Z,64838.38,64838.38,64813.42,64815.92
1308,2024-07-17T20:14:41.000000Z,64815.92,64822.0,64813.42,64813.42
1309,2024-07-17T20:15:41.000000Z,64813.42,64848.0,64808.04,64828.55
1310,2024-07-17T20:16:41.000000Z,64828.55,64880.0,64814.0,64814.01
1311,2024-07-17T20:17:40.000000Z,64814.01,64814.01,64743.0,64743.0
1312,2024-07-17T20:18:40.000000Z,64743.0,64743.02,64696.0,64711.99
1313,2024-07-17T20:19:40.000000Z,64711.99,64717.67,64692.18,64703.99
1314,2024-07-17T20:20:40.000000Z,64703.99,64755.93,64703.99,64755.93
1315,2024-07-17T20:21:40.000000Z,64755.93,64755.93,64695.99,64695.99
1316,2024-07-17T20:22:40.000000Z,64695.99,64717.07,64695.99,64695.99
1317,2024-07-17T20:23:40.000000Z,64695.99,64708.38,64695.99,64696.01
1318,2024-07-17T20:24:40.000000Z,64696.01,64696.01,64652.0,64659.27
1319,2024-07-17T20:25:40.000000Z,64659.27,64695.96,64659.27,64680.01
1320,2024-07-17T20:26:40.000000Z,64680.01,64680.02,64652.0,64667.99
1321,2024-07-17T20:27:40.000000Z,64667.99,64668.0,64594.26,64600.0
1322,2024-07-17T20:28:40.000000Z,64600.0,64703.32,64600.0,64703.31
1323,2024-07-17T20:29:40.000000Z,64703.31,64723.01,64660.55,64712.83
1324,2024-07-17T20:30:40.000000Z,64712.83,64712.83,64593.66,64640.99
1325,2024-07-17T20:31:40.000000Z,64640.99,64730.75,64634.0,64723.88
1326,2024-07-17T20:32:40.000000Z,64723.88,64738.0,64594.17,64614.0
1327,2024-07-17T20:33:40.000000Z,64614.0,64672.92,64557.05,64672.92
1328,2024-07-17T20:34:40.000000Z,64672.92,64780.0,64672.91,64753.89
1329,2024-07-17T20:35:40.000000Z,64753.89,64864.0,64743.0,64836.43
1330,2024-07-17T20:36:40.000000Z,64836.43,64876.7,64799.71,64861.99
1331,2024-07-17T20:37:40.000000Z,64861.99,64880.0,64836.58,64860.01
1332,2024-07-17T20:38:40.000000Z,64860.01,64947.84,64860.01,64903.9
1333,2024-07-17T20:39:40.000000Z,64903.9,64912.57,64846.0,64902.51
1334,2024-07-17T20:40:40.000000Z,64902.51,64911.99,64823.98,64876.11
1335,2024-07-17T20:41:40.000000Z,64876.11,64898.0,64770.77,64779.99
1336,2024-07-17T20:42:40.000000Z,64779.99,64779.99,64634.92,64634.92
1337,2024-07-17T20:43:40.000000Z,64634.92,64653.87,64576.09,64606.0
1338,2024-07-17T20:44:40.000000Z,64606.0,64718.5,64606.0,64705.41
1339,2024-07-17T20:45:40.000000Z,64705.41,64712.0,64586.0,64603.99
1340,2024-07-17T20:46:40.000000Z,64603.99,64677.59,64594.94,64677.38
1341,2024-07-17T20:47:40.000000Z,64677.38,64766.0,64650.0,64761.61
1342,2024-07-17T20:48:40.000000Z,64761.61,64840.07,64761.61,64831.12
1343,2024-07-17T20:49:40.000000Z,64831.12,64859.05,64831.12,64856.01
1344,2024-07-17T20:50:40.000000Z,64856.01,64960.51,64844.01,64937.99
1345,2024-07-17T20:51:40.000000Z,64937.99,65075.0,64937.99,65070.0
1346,2024-07-17T20:52:40.000000Z,65070.0,65165.81,65055.57,65165.81
1347,2024-07-17T20:53:40.000000Z,65165.81,65291.44,65152.0,65291.44
1348,2024-07-17T20:54:40.000000Z,65291.44,65339.86,65205.78,65205.78
1349,2024-07-17T20:55:40.000000Z,65205.78,65208.51,65113.0,65113.0
1350,2024-07-17T20:56:40.000000Z,65113.0,65164.21,65068.3,65068.3
1351,2024-07-17T20:57:40.000000Z,65068.3,65173.26,65060.0,65173.26
1352,2024-07-17T20:58:40.000000Z,65173.26,65246.0,65170.0,65245.99
1353,2024-07-17T20:59:40.000000Z,65245.99,65267.31,65196.32,65220.11
1354,2024-07-17T21:00:40.000000Z,65220.11,65241.99,65114.41,65114.41
1355,2024-07-17T21:01:40.000000Z,65114.41,65152.0,65088.0,65142.67
1356,2024-07-17T21:02:41.000000Z,65142.67,65195.2,65138.0,65175.98
1357,2024-07-17T21:03:41.000000Z,65175.98,65179.99,65076.62,65076.62
1358,2024-07-17T21:04:41.000000Z,65076.62,65090.98,65055.57,65069.74
1359,2024-07-17T21:05:40.000000Z,65069.74,65069.74,64867.89,64869.77
1360,2024-07-17T21:06:40.000000Z,64869.77,64951.99,64809.5,64809.5
1361,2024-07-17T21:07:40.000000Z,64809.5,64811.74,64660.0,64773.2
1362,2024-07-17T21:08:40.000000Z,64773.2,64808.0,64714.57,64714.57
1363,2024-07-17T21:09:40.000000Z,64714.57,64774.0,64712.01,64726.0
1364,2024-07-17T21:10:40.000000Z,64726.0,64825.98,64718.0,64804.26
1365,2024-07-17T21:11:40.000000Z,64804.26,64852.46,64774.17,64833.99
1366,2024-07-17T21:12:40.000000Z,64833.99,64834.01,64771.11,64803.3
1367,2024-07-17T21:13:40.000000Z,64803.3,64836.0,64770.0,64833.99
1368,2024-07-17T21:14:40.000000Z,64833.99,64852.19,64764.0,64795.48
1369,2024-07-17T21:15:40.000000Z,64795.48,64851.5,64772.11,64838.51
1370,2024-07-17T21:16:40.000000Z,64838.51,64916.26,64802.0,64876.8
1371,2024-07-17T21:17:40.000000Z,64876.8,64908.72,64830.0,64887.02
1372,2024-07-17T21:18:40.000000Z,64887.02,64923.97,64820.0,64882.98
1373,2024-07-17T21:19:40.000000Z,64882.98,64960.0,64882.98,64916.16
1374,2024-07-17T21:20:40.000000Z,64916.16,64954.49,64916.16,64931.79
1375,2024-07-17T21:21:40.000000Z,64931.79,64944.0,64860.05,64868.0
1376,2024-07-17T21:22:40.000000Z,64868.0,64956.23,64868.0,64902.24
1377,2024-07-17T21:23:40.000000Z,64902.24,64902.24,64790.0,64822.01
1378,2024-07-17T21:24:40.000000Z,64822.01,64899.98,64818.0,64886.68
1379,2024-07-17T21:25:40.000000Z,64886.68,64889.33,64789.55,64854.0
1380,2024-07-17T21:26:40.000000Z,64854.0,64873.67,64820.0,64839.3
1381,2024-07-17T21:27:40.000000Z,64839.3,64940.01,64821.52,64940.01
1382,2024-07-17T21:28:40.000000Z,64940.01,64955.99,64917.28,64918.0
1383,2024-07-17T21:29:40.000000Z,64918.0,64918.0,64854.0,64873.99
1384,2024-07-17T21:30:40.000000Z,64873.99,64906.89,64813.97,64906.89
1385,2024-07-17T21:31:40.000000Z,64906.89,64910.01,64850.01,64906.69
1386,2024-07-17T21:32:40.000000Z,64906.69,64982.0,64906.69,64980.01
1387,2024-07-17T21:33:40.000000Z,64980.01,65168.86,64980.01,65066.16
1388,2024-07-17T21:34:40.000000Z,65066.16,65166.0,65066.16,65155.99
1389,2024-07-17T21:35:40.000000Z,65155.99,65212.83,65136.44,65189.95
1390,2024-07-17T21:36:40.000000Z,65189.95,65208.0,65166.01,65176.94
1391,2024-07-17T21:37:40.000000Z,65176.94,65176.94,65118.29,65169.99
1392,2024-07-17T21:38:40.000000Z,65169.99,65169.99,65139.75,65157.99
1393,2024-07-17T21:39:40.000000Z,65157.99,65199.97,65138.0,65165.25
1394,2024-07-17T21:40:40.000000Z,65165.25,65231.56,65165.25,65182.0
1395,2024-07-17T21:41:40.000000Z,65182.0,65214.66,65130.86,65130.86
1396,2024-07-17T21:42:40.000000Z,65130.86,65130.86,65079.94,65091.99
1397,2024-07-17T21:43:40.000000Z,65091.99,65091.99,65032.01,65074.99
1398,2024-07-17T21:44:40.000000Z,65074.99,65136.0,65070.02,65135.99
1399,2024-07-17T21:45:40.000000Z,65135.99,65168.65,65135.98,65153.99
1400,2024-07-17T21:46:40.000000Z,65153.99,65232.78,65146.95,65229.38
1401,2024-07-17T21:47:40.000000Z,65229.38,65229.38,65196.0,65196.0
1402,2024-07-17T21:48:40.000000Z,65196.0,65205.92,65106.85,65106.85
1403,2024-07-17T21:49:40.000000Z,65106.85,65189.84,65076.0,65168.0
1404,2024-07-17T21:50:40.000000Z,65168.0,65184.0,65090.33,65107.01
1405,2024-07-17T21:51:40.000000Z,65107.01,65109.76,65051.3,65084.01
1406,2024-07-17T21:52:40.000000Z,65084.01,65094.65,65025.46,65062.0
1407,2024-07-17T21:53:40.000000Z,65062.0,65079.41,64951.79,64953.6
1408,2024-07-17T21:54:41.000000Z,64953.6,65010.0,64907.5,64927.14
1409,2024-07-17T21:55:41.000000Z,64927.14,64978.1,64916.0,64952.01
1410,2024-07-17T21:56:41.000000Z,64952.01,64989.08,64952.01,64972.0
1411,2024-07-17T21:57:40.000000Z,64972.0,64989.08,64954.87,64989.07
1412,2024-07-17T21:58:40.000000Z,64989.07,65036.0,64989.07,65036.0
1413,2024-07-17T21:59:40.000000Z,65036.0,65075.0,65036.0,65060.34
1414,2024-07-17T22:00:40.000000Z,65060.34,65060.34,65000.0,65017.99
1415,2024-07-17T22:01:40.000000Z,65017.99,65032.08,64959.18,64988.01
1416,2024-07-17T22:02:40.000000Z,64988.01,64988.01,64929.51,64980.0
1417,2024-07-17T22:03:40.000000Z,64980.0,65056.0,64960.0,65016.0
1418,2024-07-17T22:04:40.000000Z,65016.0,65016.0,64906.95,64919.99
1419,2024-07-17T22:05:40.000000Z,64919.99,64981.74,64910.0,64919.99
1420,2024-07-17T22:06:40.000000Z,64919.99,64984.0,64900.0,64959.27
1421,2024-07-17T22:07:40.000000Z,64959.27,64959.27,64864.0,64867.61
1422,2024-07-17T22:08:40.000000Z,64867.61,64983.85,64867.6,64983.85
1423,2024-07-17T22:09:40.000000Z,64983.85,65069.0,64978.99,65046.4
1424,2024-07-17T22:10:40.000000Z,65046.4,65117.64,65046.4,65114.0
1425,2024-07-17T22:11:40.000000Z,65114.0,65123.0,65041.99,65041.99
1426,2024-07-17T22:12:40.000000Z,65041.99,65072.75,65006.05,65006.05
1427,2024-07-17T22:13:40.000000Z,65006.05,65075.0,65000.0,65075.0
1428,2024-07-17T22:14:40.000000Z,65075.0,65075.0,65030.0,65068.63
1429,2024-07-17T22:15:40.000000Z,65068.63,65068.63,65012.51,65032.0
1430,2024-07-17T22:16:40.000000Z,65032.0,65054.0,64986.0,65044.14
1431,2024-07-17T22:17:40.000000Z,65044.14,65085.83,65044.14,65078.0
1432,2024-07-17T22:18:40.000000Z,65078.0,65104.0,65077.99,65104.0
1433,2024-07-17T22:19:40.000000Z,65104.0,65173.54,65092.01,65173.53
1434,2024-07-17T22:20:40.000000Z,65173.53,65173.53,65110.0,65110.0
1435,2024-07-17T22:21:40.000000Z,65110.0,65161.85,65072.09,65161.85
1436,2024-07-17T22:22:40.000000Z,65161.85,65173.35,65040.77,65046.76
1437,2024-07-17T22:23:40.000000Z,65046.76,65106.0,65046.76,65104.68
1438,2024-07-17T22:24:40.000000Z,65104.68,65122.67,65101.23,65122.67
1439,2024-07-17T22:25:40.000000Z,65122.67,65160.03,65110.0,65147.74
add,2024-07-17T22:26:39.472932Z,65147.74,65150,65121.99,65125.5
add,2024-07-17T22:27:39.489986Z,65125.5,65150,65094.01,65149.99
add,2024-07-17T22:28:39.502504Z,65149.99,65158,65138,65157.99
add,2024-07-17T22:29:39.514866Z,65157.99,65159.17,65124,65156
add,2024-07-17T22:30:39.527948Z,65156,65159.15,65110,65110
